/ocean/projects/cis250265p/xli45/.conda/envs/llmsys_hw6/lib/python3.9/site-packages/torch/cuda/__init__.py:61: FutureWarning: The pynvml package is deprecated. Please install nvidia-ml-py instead. If you did not install pynvml directly, please report this to the maintainers of the package that installed pynvml for you.
  import pynvml  # type: ignore[import]
/ocean/projects/cis250265p/xli45/.conda/envs/llmsys_hw6/lib/python3.9/site-packages/torch/cuda/__init__.py:61: FutureWarning: The pynvml package is deprecated. Please install nvidia-ml-py instead. If you did not install pynvml directly, please report this to the maintainers of the package that installed pynvml for you.
  import pynvml  # type: ignore[import]
[2026-04-04 22:57:37,511] [WARNING] [runner.py:232:fetch_hostfile] Unable to find hostfile, will proceed with training with local resources only.
Detected VISIBLE_DEVICES=0,1: setting --include=localhost:0,1
[2026-04-04 22:57:37,511] [INFO] [runner.py:630:main] cmd = /ocean/projects/cis250265p/xli45/.conda/envs/llmsys_hw6/bin/python3.9 -u -m deepspeed.launcher.launch --world_info=eyJsb2NhbGhvc3QiOiBbMCwgMV19 --master_addr=127.0.0.1 --master_port=29500 --enable_each_rank_log=None --log_level=info main.py --data_split 2,4,4 --model_name_or_path meta-llama/Llama-2-7b-hf --per_device_train_batch_size 1 --per_device_eval_batch_size 4 --max_seq_len 512 --learning_rate 9.65e-6 --weight_decay 0. --num_train_epochs 2 --gradient_accumulation_steps 4 --lr_scheduler_type cosine --num_warmup_steps 0 --seed 1234 --gradient_checkpointing --dtype bf16 --zero_stage 3 --deepspeed --lora_dim 16 --only_optimize_lora --output_dir ./output_llama2_7b_lora
/ocean/projects/cis250265p/xli45/.conda/envs/llmsys_hw6/lib/python3.9/site-packages/torch/cuda/__init__.py:61: FutureWarning: The pynvml package is deprecated. Please install nvidia-ml-py instead. If you did not install pynvml directly, please report this to the maintainers of the package that installed pynvml for you.
  import pynvml  # type: ignore[import]
/ocean/projects/cis250265p/xli45/.conda/envs/llmsys_hw6/lib/python3.9/site-packages/torch/cuda/__init__.py:61: FutureWarning: The pynvml package is deprecated. Please install nvidia-ml-py instead. If you did not install pynvml directly, please report this to the maintainers of the package that installed pynvml for you.
  import pynvml  # type: ignore[import]
[2026-04-04 22:57:43,455] [INFO] [launch.py:162:main] WORLD INFO DICT: {'localhost': [0, 1]}
[2026-04-04 22:57:43,455] [INFO] [launch.py:168:main] nnodes=1, num_local_procs=2, node_rank=0
[2026-04-04 22:57:43,456] [INFO] [launch.py:179:main] global_rank_mapping=defaultdict(<class 'list'>, {'localhost': [0, 1]})
[2026-04-04 22:57:43,456] [INFO] [launch.py:180:main] dist_world_size=2
[2026-04-04 22:57:43,456] [INFO] [launch.py:184:main] Setting CUDA_VISIBLE_DEVICES=0,1
[2026-04-04 22:57:43,470] [INFO] [launch.py:272:main] process 78458 spawned with command: ['/ocean/projects/cis250265p/xli45/.conda/envs/llmsys_hw6/bin/python3.9', '-u', 'main.py', '--local_rank=0', '--data_split', '2,4,4', '--model_name_or_path', 'meta-llama/Llama-2-7b-hf', '--per_device_train_batch_size', '1', '--per_device_eval_batch_size', '4', '--max_seq_len', '512', '--learning_rate', '9.65e-6', '--weight_decay', '0.', '--num_train_epochs', '2', '--gradient_accumulation_steps', '4', '--lr_scheduler_type', 'cosine', '--num_warmup_steps', '0', '--seed', '1234', '--gradient_checkpointing', '--dtype', 'bf16', '--zero_stage', '3', '--deepspeed', '--lora_dim', '16', '--only_optimize_lora', '--output_dir', './output_llama2_7b_lora']
[2026-04-04 22:57:43,480] [INFO] [launch.py:272:main] process 78459 spawned with command: ['/ocean/projects/cis250265p/xli45/.conda/envs/llmsys_hw6/bin/python3.9', '-u', 'main.py', '--local_rank=1', '--data_split', '2,4,4', '--model_name_or_path', 'meta-llama/Llama-2-7b-hf', '--per_device_train_batch_size', '1', '--per_device_eval_batch_size', '4', '--max_seq_len', '512', '--learning_rate', '9.65e-6', '--weight_decay', '0.', '--num_train_epochs', '2', '--gradient_accumulation_steps', '4', '--lr_scheduler_type', 'cosine', '--num_warmup_steps', '0', '--seed', '1234', '--gradient_checkpointing', '--dtype', 'bf16', '--zero_stage', '3', '--deepspeed', '--lora_dim', '16', '--only_optimize_lora', '--output_dir', './output_llama2_7b_lora']
/ocean/projects/cis250265p/xli45/.conda/envs/llmsys_hw6/lib/python3.9/site-packages/torch/cuda/__init__.py:61: FutureWarning: The pynvml package is deprecated. Please install nvidia-ml-py instead. If you did not install pynvml directly, please report this to the maintainers of the package that installed pynvml for you.
  import pynvml  # type: ignore[import]
/ocean/projects/cis250265p/xli45/.conda/envs/llmsys_hw6/lib/python3.9/site-packages/torch/cuda/__init__.py:61: FutureWarning: The pynvml package is deprecated. Please install nvidia-ml-py instead. If you did not install pynvml directly, please report this to the maintainers of the package that installed pynvml for you.
  import pynvml  # type: ignore[import]
/ocean/projects/cis250265p/xli45/.conda/envs/llmsys_hw6/lib/python3.9/site-packages/torch/cuda/__init__.py:61: FutureWarning: The pynvml package is deprecated. Please install nvidia-ml-py instead. If you did not install pynvml directly, please report this to the maintainers of the package that installed pynvml for you.
  import pynvml  # type: ignore[import]
/ocean/projects/cis250265p/xli45/.conda/envs/llmsys_hw6/lib/python3.9/site-packages/torch/cuda/__init__.py:61: FutureWarning: The pynvml package is deprecated. Please install nvidia-ml-py instead. If you did not install pynvml directly, please report this to the maintainers of the package that installed pynvml for you.
  import pynvml  # type: ignore[import]
Loading checkpoint shards:   0%|          | 0/2 [00:00<?, ?it/s]Loading checkpoint shards:   0%|          | 0/2 [00:00<?, ?it/s]Loading checkpoint shards:  50%|█████     | 1/2 [00:06<00:06,  6.83s/it]Loading checkpoint shards:  50%|█████     | 1/2 [00:07<00:07,  7.49s/it]Loading checkpoint shards: 100%|██████████| 2/2 [00:09<00:00,  4.47s/it]Loading checkpoint shards: 100%|██████████| 2/2 [00:09<00:00,  4.83s/it]
Loading checkpoint shards: 100%|██████████| 2/2 [00:09<00:00,  4.55s/it]Loading checkpoint shards: 100%|██████████| 2/2 [00:09<00:00,  4.99s/it]
The new embeddings will be initialized from a multivariate normal distribution that has old embeddings' mean and covariance. As described in this article: https://nlp.stanford.edu/~johnhew/vocab-expansion.html. To disable this, use `mean_resizing=False`
The new embeddings will be initialized from a multivariate normal distribution that has old embeddings' mean and covariance. As described in this article: https://nlp.stanford.edu/~johnhew/vocab-expansion.html. To disable this, use `mean_resizing=False`
The new lm_head weights will be initialized from a multivariate normal distribution that has old embeddings' mean and covariance. As described in this article: https://nlp.stanford.edu/~johnhew/vocab-expansion.html. To disable this, use `mean_resizing=False`
The new lm_head weights will be initialized from a multivariate normal distribution that has old embeddings' mean and covariance. As described in this article: https://nlp.stanford.edu/~johnhew/vocab-expansion.html. To disable this, use `mean_resizing=False`
Creating prompt dataset ['Dahoas/rm-static'], reload=True
Creating dataset Dahoas_rm_static for train_phase=1 size=762
Creating dataset Dahoas_rm_static for train_phase=1 size=51
/ocean/projects/cis250265p/xli45/.conda/envs/llmsys_hw6/lib/python3.9/site-packages/torch/utils/cpp_extension.py:2356: UserWarning: TORCH_CUDA_ARCH_LIST is not set, all archs for visible cards are included for compilation. 
If this is not desired, please set os.environ['TORCH_CUDA_ARCH_LIST'].
  warnings.warn(
/ocean/projects/cis250265p/xli45/.conda/envs/llmsys_hw6/lib/python3.9/site-packages/torch/utils/cpp_extension.py:2356: UserWarning: TORCH_CUDA_ARCH_LIST is not set, all archs for visible cards are included for compilation. 
If this is not desired, please set os.environ['TORCH_CUDA_ARCH_LIST'].
  warnings.warn(
***** Running training *****
***** Evaluating perplexity, Epoch 0/2 *****
ppl: 6.296063423156738, loss: 1.8399245738983154
Beginning of Epoch 1/2, Total Micro Batches 381
Model Parameters: 6.647 B, Latency: 3.19s, TFLOPs: 3.22, Samples/sec: 0.31, Time/seq 3.19s, Batch Size: 1, Sequence Length: 512
Model Parameters: 6.647 B, Latency: 3.19s, TFLOPs: 3.22, Samples/sec: 0.31, Time/seq 3.19s, Batch Size: 1, Sequence Length: 512
Model Parameters: 6.647 B, Latency: 3.13s, TFLOPs: 3.28, Samples/sec: 0.32, Time/seq 3.13s, Batch Size: 1, Sequence Length: 512
Model Parameters: 6.647 B, Latency: 3.18s, TFLOPs: 3.23, Samples/sec: 0.31, Time/seq 3.18s, Batch Size: 1, Sequence Length: 512
Model Parameters: 6.647 B, Latency: 3.13s, TFLOPs: 3.28, Samples/sec: 0.32, Time/seq 3.13s, Batch Size: 1, Sequence Length: 512
Model Parameters: 6.647 B, Latency: 3.10s, TFLOPs: 3.32, Samples/sec: 0.32, Time/seq 3.10s, Batch Size: 1, Sequence Length: 512
Model Parameters: 6.647 B, Latency: 3.09s, TFLOPs: 3.32, Samples/sec: 0.32, Time/seq 3.09s, Batch Size: 1, Sequence Length: 512
Model Parameters: 6.647 B, Latency: 3.13s, TFLOPs: 3.28, Samples/sec: 0.32, Time/seq 3.13s, Batch Size: 1, Sequence Length: 512
Model Parameters: 6.647 B, Latency: 3.08s, TFLOPs: 3.33, Samples/sec: 0.32, Time/seq 3.08s, Batch Size: 1, Sequence Length: 512
Model Parameters: 6.647 B, Latency: 3.10s, TFLOPs: 3.31, Samples/sec: 0.32, Time/seq 3.10s, Batch Size: 1, Sequence Length: 512
Model Parameters: 6.647 B, Latency: 3.09s, TFLOPs: 3.32, Samples/sec: 0.32, Time/seq 3.09s, Batch Size: 1, Sequence Length: 512
Model Parameters: 6.647 B, Latency: 3.13s, TFLOPs: 3.29, Samples/sec: 0.32, Time/seq 3.13s, Batch Size: 1, Sequence Length: 512
Model Parameters: 6.647 B, Latency: 3.09s, TFLOPs: 3.33, Samples/sec: 0.32, Time/seq 3.09s, Batch Size: 1, Sequence Length: 512
Model Parameters: 6.647 B, Latency: 3.10s, TFLOPs: 3.32, Samples/sec: 0.32, Time/seq 3.10s, Batch Size: 1, Sequence Length: 512
Model Parameters: 6.647 B, Latency: 3.10s, TFLOPs: 3.32, Samples/sec: 0.32, Time/seq 3.10s, Batch Size: 1, Sequence Length: 512
Model Parameters: 6.647 B, Latency: 3.14s, TFLOPs: 3.27, Samples/sec: 0.32, Time/seq 3.14s, Batch Size: 1, Sequence Length: 512
Model Parameters: 6.647 B, Latency: 3.11s, TFLOPs: 3.30, Samples/sec: 0.32, Time/seq 3.11s, Batch Size: 1, Sequence Length: 512
Model Parameters: 6.647 B, Latency: 3.11s, TFLOPs: 3.31, Samples/sec: 0.32, Time/seq 3.11s, Batch Size: 1, Sequence Length: 512
Model Parameters: 6.647 B, Latency: 3.10s, TFLOPs: 3.32, Samples/sec: 0.32, Time/seq 3.10s, Batch Size: 1, Sequence Length: 512
Model Parameters: 6.647 B, Latency: 3.13s, TFLOPs: 3.28, Samples/sec: 0.32, Time/seq 3.13s, Batch Size: 1, Sequence Length: 512
Model Parameters: 6.647 B, Latency: 3.09s, TFLOPs: 3.33, Samples/sec: 0.32, Time/seq 3.09s, Batch Size: 1, Sequence Length: 512
Model Parameters: 6.647 B, Latency: 3.10s, TFLOPs: 3.31, Samples/sec: 0.32, Time/seq 3.10s, Batch Size: 1, Sequence Length: 512
Model Parameters: 6.647 B, Latency: 3.09s, TFLOPs: 3.33, Samples/sec: 0.32, Time/seq 3.09s, Batch Size: 1, Sequence Length: 512
Model Parameters: 6.647 B, Latency: 3.14s, TFLOPs: 3.28, Samples/sec: 0.32, Time/seq 3.14s, Batch Size: 1, Sequence Length: 512
Model Parameters: 6.647 B, Latency: 3.08s, TFLOPs: 3.34, Samples/sec: 0.32, Time/seq 3.08s, Batch Size: 1, Sequence Length: 512
Model Parameters: 6.647 B, Latency: 3.10s, TFLOPs: 3.32, Samples/sec: 0.32, Time/seq 3.10s, Batch Size: 1, Sequence Length: 512
Model Parameters: 6.647 B, Latency: 3.10s, TFLOPs: 3.32, Samples/sec: 0.32, Time/seq 3.10s, Batch Size: 1, Sequence Length: 512
Model Parameters: 6.647 B, Latency: 3.13s, TFLOPs: 3.28, Samples/sec: 0.32, Time/seq 3.13s, Batch Size: 1, Sequence Length: 512
Model Parameters: 6.647 B, Latency: 3.09s, TFLOPs: 3.33, Samples/sec: 0.32, Time/seq 3.09s, Batch Size: 1, Sequence Length: 512
Model Parameters: 6.647 B, Latency: 3.10s, TFLOPs: 3.32, Samples/sec: 0.32, Time/seq 3.10s, Batch Size: 1, Sequence Length: 512
Model Parameters: 6.647 B, Latency: 3.10s, TFLOPs: 3.32, Samples/sec: 0.32, Time/seq 3.10s, Batch Size: 1, Sequence Length: 512
Model Parameters: 6.647 B, Latency: 3.15s, TFLOPs: 3.27, Samples/sec: 0.32, Time/seq 3.15s, Batch Size: 1, Sequence Length: 512
Model Parameters: 6.647 B, Latency: 3.08s, TFLOPs: 3.33, Samples/sec: 0.32, Time/seq 3.08s, Batch Size: 1, Sequence Length: 512
Model Parameters: 6.647 B, Latency: 3.10s, TFLOPs: 3.32, Samples/sec: 0.32, Time/seq 3.10s, Batch Size: 1, Sequence Length: 512
Model Parameters: 6.647 B, Latency: 3.10s, TFLOPs: 3.31, Samples/sec: 0.32, Time/seq 3.10s, Batch Size: 1, Sequence Length: 512
Model Parameters: 6.647 B, Latency: 3.14s, TFLOPs: 3.27, Samples/sec: 0.32, Time/seq 3.14s, Batch Size: 1, Sequence Length: 512
Model Parameters: 6.647 B, Latency: 3.09s, TFLOPs: 3.33, Samples/sec: 0.32, Time/seq 3.09s, Batch Size: 1, Sequence Length: 512
Model Parameters: 6.647 B, Latency: 3.11s, TFLOPs: 3.31, Samples/sec: 0.32, Time/seq 3.11s, Batch Size: 1, Sequence Length: 512
Model Parameters: 6.647 B, Latency: 3.09s, TFLOPs: 3.32, Samples/sec: 0.32, Time/seq 3.09s, Batch Size: 1, Sequence Length: 512
Model Parameters: 6.647 B, Latency: 3.13s, TFLOPs: 3.28, Samples/sec: 0.32, Time/seq 3.13s, Batch Size: 1, Sequence Length: 512
Model Parameters: 6.647 B, Latency: 3.09s, TFLOPs: 3.33, Samples/sec: 0.32, Time/seq 3.09s, Batch Size: 1, Sequence Length: 512
Model Parameters: 6.647 B, Latency: 3.09s, TFLOPs: 3.32, Samples/sec: 0.32, Time/seq 3.09s, Batch Size: 1, Sequence Length: 512
Model Parameters: 6.647 B, Latency: 3.10s, TFLOPs: 3.32, Samples/sec: 0.32, Time/seq 3.10s, Batch Size: 1, Sequence Length: 512
Model Parameters: 6.647 B, Latency: 3.15s, TFLOPs: 3.27, Samples/sec: 0.32, Time/seq 3.15s, Batch Size: 1, Sequence Length: 512
Model Parameters: 6.647 B, Latency: 3.08s, TFLOPs: 3.34, Samples/sec: 0.32, Time/seq 3.08s, Batch Size: 1, Sequence Length: 512
Model Parameters: 6.647 B, Latency: 3.11s, TFLOPs: 3.31, Samples/sec: 0.32, Time/seq 3.11s, Batch Size: 1, Sequence Length: 512
Model Parameters: 6.647 B, Latency: 3.10s, TFLOPs: 3.31, Samples/sec: 0.32, Time/seq 3.10s, Batch Size: 1, Sequence Length: 512
Model Parameters: 6.647 B, Latency: 3.12s, TFLOPs: 3.29, Samples/sec: 0.32, Time/seq 3.12s, Batch Size: 1, Sequence Length: 512
Model Parameters: 6.647 B, Latency: 3.08s, TFLOPs: 3.34, Samples/sec: 0.32, Time/seq 3.08s, Batch Size: 1, Sequence Length: 512
Model Parameters: 6.647 B, Latency: 3.09s, TFLOPs: 3.32, Samples/sec: 0.32, Time/seq 3.09s, Batch Size: 1, Sequence Length: 512
Model Parameters: 6.647 B, Latency: 3.10s, TFLOPs: 3.32, Samples/sec: 0.32, Time/seq 3.10s, Batch Size: 1, Sequence Length: 512
Model Parameters: 6.647 B, Latency: 3.14s, TFLOPs: 3.27, Samples/sec: 0.32, Time/seq 3.14s, Batch Size: 1, Sequence Length: 512
Model Parameters: 6.647 B, Latency: 3.09s, TFLOPs: 3.33, Samples/sec: 0.32, Time/seq 3.09s, Batch Size: 1, Sequence Length: 512
Model Parameters: 6.647 B, Latency: 3.09s, TFLOPs: 3.33, Samples/sec: 0.32, Time/seq 3.09s, Batch Size: 1, Sequence Length: 512
Model Parameters: 6.647 B, Latency: 3.10s, TFLOPs: 3.31, Samples/sec: 0.32, Time/seq 3.10s, Batch Size: 1, Sequence Length: 512
Model Parameters: 6.647 B, Latency: 3.13s, TFLOPs: 3.28, Samples/sec: 0.32, Time/seq 3.13s, Batch Size: 1, Sequence Length: 512
Model Parameters: 6.647 B, Latency: 3.12s, TFLOPs: 3.30, Samples/sec: 0.32, Time/seq 3.12s, Batch Size: 1, Sequence Length: 512
Model Parameters: 6.647 B, Latency: 3.09s, TFLOPs: 3.33, Samples/sec: 0.32, Time/seq 3.09s, Batch Size: 1, Sequence Length: 512
Model Parameters: 6.647 B, Latency: 3.10s, TFLOPs: 3.31, Samples/sec: 0.32, Time/seq 3.10s, Batch Size: 1, Sequence Length: 512
Model Parameters: 6.647 B, Latency: 3.12s, TFLOPs: 3.29, Samples/sec: 0.32, Time/seq 3.12s, Batch Size: 1, Sequence Length: 512
Model Parameters: 6.647 B, Latency: 3.08s, TFLOPs: 3.33, Samples/sec: 0.32, Time/seq 3.08s, Batch Size: 1, Sequence Length: 512
Model Parameters: 6.647 B, Latency: 3.09s, TFLOPs: 3.32, Samples/sec: 0.32, Time/seq 3.09s, Batch Size: 1, Sequence Length: 512
Model Parameters: 6.647 B, Latency: 3.10s, TFLOPs: 3.32, Samples/sec: 0.32, Time/seq 3.10s, Batch Size: 1, Sequence Length: 512
Model Parameters: 6.647 B, Latency: 3.14s, TFLOPs: 3.28, Samples/sec: 0.32, Time/seq 3.14s, Batch Size: 1, Sequence Length: 512
Model Parameters: 6.647 B, Latency: 3.09s, TFLOPs: 3.33, Samples/sec: 0.32, Time/seq 3.09s, Batch Size: 1, Sequence Length: 512
Model Parameters: 6.647 B, Latency: 3.09s, TFLOPs: 3.32, Samples/sec: 0.32, Time/seq 3.09s, Batch Size: 1, Sequence Length: 512
Model Parameters: 6.647 B, Latency: 3.10s, TFLOPs: 3.32, Samples/sec: 0.32, Time/seq 3.10s, Batch Size: 1, Sequence Length: 512
Model Parameters: 6.647 B, Latency: 3.13s, TFLOPs: 3.28, Samples/sec: 0.32, Time/seq 3.13s, Batch Size: 1, Sequence Length: 512
Model Parameters: 6.647 B, Latency: 3.09s, TFLOPs: 3.33, Samples/sec: 0.32, Time/seq 3.09s, Batch Size: 1, Sequence Length: 512
Model Parameters: 6.647 B, Latency: 3.10s, TFLOPs: 3.31, Samples/sec: 0.32, Time/seq 3.10s, Batch Size: 1, Sequence Length: 512
Model Parameters: 6.647 B, Latency: 3.10s, TFLOPs: 3.32, Samples/sec: 0.32, Time/seq 3.10s, Batch Size: 1, Sequence Length: 512
Model Parameters: 6.647 B, Latency: 3.13s, TFLOPs: 3.28, Samples/sec: 0.32, Time/seq 3.13s, Batch Size: 1, Sequence Length: 512
Model Parameters: 6.647 B, Latency: 3.12s, TFLOPs: 3.29, Samples/sec: 0.32, Time/seq 3.12s, Batch Size: 1, Sequence Length: 512
Model Parameters: 6.647 B, Latency: 3.10s, TFLOPs: 3.31, Samples/sec: 0.32, Time/seq 3.10s, Batch Size: 1, Sequence Length: 512
Model Parameters: 6.647 B, Latency: 3.10s, TFLOPs: 3.32, Samples/sec: 0.32, Time/seq 3.10s, Batch Size: 1, Sequence Length: 512
Model Parameters: 6.647 B, Latency: 3.14s, TFLOPs: 3.28, Samples/sec: 0.32, Time/seq 3.14s, Batch Size: 1, Sequence Length: 512
Model Parameters: 6.647 B, Latency: 3.09s, TFLOPs: 3.33, Samples/sec: 0.32, Time/seq 3.09s, Batch Size: 1, Sequence Length: 512
Model Parameters: 6.647 B, Latency: 3.10s, TFLOPs: 3.32, Samples/sec: 0.32, Time/seq 3.10s, Batch Size: 1, Sequence Length: 512
Model Parameters: 6.647 B, Latency: 3.10s, TFLOPs: 3.31, Samples/sec: 0.32, Time/seq 3.10s, Batch Size: 1, Sequence Length: 512
Model Parameters: 6.647 B, Latency: 3.13s, TFLOPs: 3.29, Samples/sec: 0.32, Time/seq 3.13s, Batch Size: 1, Sequence Length: 512
Model Parameters: 6.647 B, Latency: 3.08s, TFLOPs: 3.33, Samples/sec: 0.32, Time/seq 3.08s, Batch Size: 1, Sequence Length: 512
Model Parameters: 6.647 B, Latency: 3.10s, TFLOPs: 3.32, Samples/sec: 0.32, Time/seq 3.10s, Batch Size: 1, Sequence Length: 512
Model Parameters: 6.647 B, Latency: 3.10s, TFLOPs: 3.32, Samples/sec: 0.32, Time/seq 3.10s, Batch Size: 1, Sequence Length: 512
Model Parameters: 6.647 B, Latency: 3.13s, TFLOPs: 3.29, Samples/sec: 0.32, Time/seq 3.13s, Batch Size: 1, Sequence Length: 512
Model Parameters: 6.647 B, Latency: 3.12s, TFLOPs: 3.29, Samples/sec: 0.32, Time/seq 3.12s, Batch Size: 1, Sequence Length: 512
Model Parameters: 6.647 B, Latency: 3.09s, TFLOPs: 3.32, Samples/sec: 0.32, Time/seq 3.09s, Batch Size: 1, Sequence Length: 512
Model Parameters: 6.647 B, Latency: 3.10s, TFLOPs: 3.32, Samples/sec: 0.32, Time/seq 3.10s, Batch Size: 1, Sequence Length: 512
Model Parameters: 6.647 B, Latency: 3.13s, TFLOPs: 3.28, Samples/sec: 0.32, Time/seq 3.13s, Batch Size: 1, Sequence Length: 512
Model Parameters: 6.647 B, Latency: 3.12s, TFLOPs: 3.30, Samples/sec: 0.32, Time/seq 3.12s, Batch Size: 1, Sequence Length: 512
Model Parameters: 6.647 B, Latency: 3.10s, TFLOPs: 3.32, Samples/sec: 0.32, Time/seq 3.10s, Batch Size: 1, Sequence Length: 512
Model Parameters: 6.647 B, Latency: 3.10s, TFLOPs: 3.31, Samples/sec: 0.32, Time/seq 3.10s, Batch Size: 1, Sequence Length: 512
Model Parameters: 6.647 B, Latency: 3.13s, TFLOPs: 3.29, Samples/sec: 0.32, Time/seq 3.13s, Batch Size: 1, Sequence Length: 512
Model Parameters: 6.647 B, Latency: 3.09s, TFLOPs: 3.33, Samples/sec: 0.32, Time/seq 3.09s, Batch Size: 1, Sequence Length: 512
Model Parameters: 6.647 B, Latency: 3.09s, TFLOPs: 3.32, Samples/sec: 0.32, Time/seq 3.09s, Batch Size: 1, Sequence Length: 512
Model Parameters: 6.647 B, Latency: 3.11s, TFLOPs: 3.31, Samples/sec: 0.32, Time/seq 3.11s, Batch Size: 1, Sequence Length: 512
Model Parameters: 6.647 B, Latency: 3.13s, TFLOPs: 3.28, Samples/sec: 0.32, Time/seq 3.13s, Batch Size: 1, Sequence Length: 512
Model Parameters: 6.647 B, Latency: 3.09s, TFLOPs: 3.33, Samples/sec: 0.32, Time/seq 3.09s, Batch Size: 1, Sequence Length: 512
Model Parameters: 6.647 B, Latency: 3.09s, TFLOPs: 3.32, Samples/sec: 0.32, Time/seq 3.09s, Batch Size: 1, Sequence Length: 512
Model Parameters: 6.647 B, Latency: 3.11s, TFLOPs: 3.30, Samples/sec: 0.32, Time/seq 3.11s, Batch Size: 1, Sequence Length: 512
Model Parameters: 6.647 B, Latency: 3.14s, TFLOPs: 3.27, Samples/sec: 0.32, Time/seq 3.14s, Batch Size: 1, Sequence Length: 512
Model Parameters: 6.647 B, Latency: 3.09s, TFLOPs: 3.33, Samples/sec: 0.32, Time/seq 3.09s, Batch Size: 1, Sequence Length: 512
Model Parameters: 6.647 B, Latency: 3.10s, TFLOPs: 3.32, Samples/sec: 0.32, Time/seq 3.10s, Batch Size: 1, Sequence Length: 512
Model Parameters: 6.647 B, Latency: 3.11s, TFLOPs: 3.31, Samples/sec: 0.32, Time/seq 3.11s, Batch Size: 1, Sequence Length: 512
Model Parameters: 6.647 B, Latency: 3.12s, TFLOPs: 3.29, Samples/sec: 0.32, Time/seq 3.12s, Batch Size: 1, Sequence Length: 512
Model Parameters: 6.647 B, Latency: 3.11s, TFLOPs: 3.30, Samples/sec: 0.32, Time/seq 3.11s, Batch Size: 1, Sequence Length: 512
Model Parameters: 6.647 B, Latency: 3.09s, TFLOPs: 3.32, Samples/sec: 0.32, Time/seq 3.09s, Batch Size: 1, Sequence Length: 512
Model Parameters: 6.647 B, Latency: 3.11s, TFLOPs: 3.31, Samples/sec: 0.32, Time/seq 3.11s, Batch Size: 1, Sequence Length: 512
Model Parameters: 6.647 B, Latency: 3.14s, TFLOPs: 3.28, Samples/sec: 0.32, Time/seq 3.14s, Batch Size: 1, Sequence Length: 512
Model Parameters: 6.647 B, Latency: 3.09s, TFLOPs: 3.33, Samples/sec: 0.32, Time/seq 3.09s, Batch Size: 1, Sequence Length: 512
Model Parameters: 6.647 B, Latency: 3.11s, TFLOPs: 3.31, Samples/sec: 0.32, Time/seq 3.11s, Batch Size: 1, Sequence Length: 512
Model Parameters: 6.647 B, Latency: 3.10s, TFLOPs: 3.31, Samples/sec: 0.32, Time/seq 3.10s, Batch Size: 1, Sequence Length: 512
Model Parameters: 6.647 B, Latency: 3.13s, TFLOPs: 3.29, Samples/sec: 0.32, Time/seq 3.13s, Batch Size: 1, Sequence Length: 512
Model Parameters: 6.647 B, Latency: 3.09s, TFLOPs: 3.33, Samples/sec: 0.32, Time/seq 3.09s, Batch Size: 1, Sequence Length: 512
Model Parameters: 6.647 B, Latency: 3.10s, TFLOPs: 3.32, Samples/sec: 0.32, Time/seq 3.10s, Batch Size: 1, Sequence Length: 512
Model Parameters: 6.647 B, Latency: 3.09s, TFLOPs: 3.33, Samples/sec: 0.32, Time/seq 3.09s, Batch Size: 1, Sequence Length: 512
Model Parameters: 6.647 B, Latency: 3.12s, TFLOPs: 3.29, Samples/sec: 0.32, Time/seq 3.12s, Batch Size: 1, Sequence Length: 512
Model Parameters: 6.647 B, Latency: 3.09s, TFLOPs: 3.33, Samples/sec: 0.32, Time/seq 3.09s, Batch Size: 1, Sequence Length: 512
Model Parameters: 6.647 B, Latency: 3.10s, TFLOPs: 3.32, Samples/sec: 0.32, Time/seq 3.10s, Batch Size: 1, Sequence Length: 512
Model Parameters: 6.647 B, Latency: 3.10s, TFLOPs: 3.32, Samples/sec: 0.32, Time/seq 3.10s, Batch Size: 1, Sequence Length: 512
Model Parameters: 6.647 B, Latency: 3.14s, TFLOPs: 3.27, Samples/sec: 0.32, Time/seq 3.14s, Batch Size: 1, Sequence Length: 512
Model Parameters: 6.647 B, Latency: 3.08s, TFLOPs: 3.33, Samples/sec: 0.32, Time/seq 3.08s, Batch Size: 1, Sequence Length: 512
Model Parameters: 6.647 B, Latency: 3.10s, TFLOPs: 3.31, Samples/sec: 0.32, Time/seq 3.10s, Batch Size: 1, Sequence Length: 512
Model Parameters: 6.647 B, Latency: 3.11s, TFLOPs: 3.31, Samples/sec: 0.32, Time/seq 3.11s, Batch Size: 1, Sequence Length: 512
Model Parameters: 6.647 B, Latency: 3.13s, TFLOPs: 3.28, Samples/sec: 0.32, Time/seq 3.13s, Batch Size: 1, Sequence Length: 512
Model Parameters: 6.647 B, Latency: 3.08s, TFLOPs: 3.34, Samples/sec: 0.32, Time/seq 3.08s, Batch Size: 1, Sequence Length: 512
Model Parameters: 6.647 B, Latency: 3.10s, TFLOPs: 3.31, Samples/sec: 0.32, Time/seq 3.10s, Batch Size: 1, Sequence Length: 512
Model Parameters: 6.647 B, Latency: 3.10s, TFLOPs: 3.31, Samples/sec: 0.32, Time/seq 3.10s, Batch Size: 1, Sequence Length: 512
Model Parameters: 6.647 B, Latency: 3.14s, TFLOPs: 3.28, Samples/sec: 0.32, Time/seq 3.14s, Batch Size: 1, Sequence Length: 512
Model Parameters: 6.647 B, Latency: 3.09s, TFLOPs: 3.33, Samples/sec: 0.32, Time/seq 3.09s, Batch Size: 1, Sequence Length: 512
Model Parameters: 6.647 B, Latency: 3.09s, TFLOPs: 3.33, Samples/sec: 0.32, Time/seq 3.09s, Batch Size: 1, Sequence Length: 512
Model Parameters: 6.647 B, Latency: 3.10s, TFLOPs: 3.31, Samples/sec: 0.32, Time/seq 3.10s, Batch Size: 1, Sequence Length: 512
Model Parameters: 6.647 B, Latency: 3.13s, TFLOPs: 3.28, Samples/sec: 0.32, Time/seq 3.13s, Batch Size: 1, Sequence Length: 512
Model Parameters: 6.647 B, Latency: 3.08s, TFLOPs: 3.34, Samples/sec: 0.32, Time/seq 3.08s, Batch Size: 1, Sequence Length: 512
Model Parameters: 6.647 B, Latency: 3.10s, TFLOPs: 3.31, Samples/sec: 0.32, Time/seq 3.10s, Batch Size: 1, Sequence Length: 512
Model Parameters: 6.647 B, Latency: 3.09s, TFLOPs: 3.32, Samples/sec: 0.32, Time/seq 3.09s, Batch Size: 1, Sequence Length: 512
Model Parameters: 6.647 B, Latency: 3.14s, TFLOPs: 3.27, Samples/sec: 0.32, Time/seq 3.14s, Batch Size: 1, Sequence Length: 512
Model Parameters: 6.647 B, Latency: 3.09s, TFLOPs: 3.33, Samples/sec: 0.32, Time/seq 3.09s, Batch Size: 1, Sequence Length: 512
Model Parameters: 6.647 B, Latency: 3.11s, TFLOPs: 3.31, Samples/sec: 0.32, Time/seq 3.11s, Batch Size: 1, Sequence Length: 512
Model Parameters: 6.647 B, Latency: 3.10s, TFLOPs: 3.32, Samples/sec: 0.32, Time/seq 3.10s, Batch Size: 1, Sequence Length: 512
Model Parameters: 6.647 B, Latency: 3.14s, TFLOPs: 3.28, Samples/sec: 0.32, Time/seq 3.14s, Batch Size: 1, Sequence Length: 512
Model Parameters: 6.647 B, Latency: 3.09s, TFLOPs: 3.33, Samples/sec: 0.32, Time/seq 3.09s, Batch Size: 1, Sequence Length: 512
Model Parameters: 6.647 B, Latency: 3.10s, TFLOPs: 3.31, Samples/sec: 0.32, Time/seq 3.10s, Batch Size: 1, Sequence Length: 512
Model Parameters: 6.647 B, Latency: 3.09s, TFLOPs: 3.33, Samples/sec: 0.32, Time/seq 3.09s, Batch Size: 1, Sequence Length: 512
Model Parameters: 6.647 B, Latency: 3.14s, TFLOPs: 3.27, Samples/sec: 0.32, Time/seq 3.14s, Batch Size: 1, Sequence Length: 512
Model Parameters: 6.647 B, Latency: 3.08s, TFLOPs: 3.33, Samples/sec: 0.32, Time/seq 3.08s, Batch Size: 1, Sequence Length: 512
Model Parameters: 6.647 B, Latency: 3.09s, TFLOPs: 3.32, Samples/sec: 0.32, Time/seq 3.09s, Batch Size: 1, Sequence Length: 512
Model Parameters: 6.647 B, Latency: 3.09s, TFLOPs: 3.32, Samples/sec: 0.32, Time/seq 3.09s, Batch Size: 1, Sequence Length: 512
Model Parameters: 6.647 B, Latency: 3.15s, TFLOPs: 3.26, Samples/sec: 0.32, Time/seq 3.15s, Batch Size: 1, Sequence Length: 512
Model Parameters: 6.647 B, Latency: 3.11s, TFLOPs: 3.30, Samples/sec: 0.32, Time/seq 3.11s, Batch Size: 1, Sequence Length: 512
Model Parameters: 6.647 B, Latency: 3.10s, TFLOPs: 3.32, Samples/sec: 0.32, Time/seq 3.10s, Batch Size: 1, Sequence Length: 512
Model Parameters: 6.647 B, Latency: 3.10s, TFLOPs: 3.32, Samples/sec: 0.32, Time/seq 3.10s, Batch Size: 1, Sequence Length: 512
Model Parameters: 6.647 B, Latency: 3.13s, TFLOPs: 3.29, Samples/sec: 0.32, Time/seq 3.13s, Batch Size: 1, Sequence Length: 512
Model Parameters: 6.647 B, Latency: 3.09s, TFLOPs: 3.33, Samples/sec: 0.32, Time/seq 3.09s, Batch Size: 1, Sequence Length: 512
Model Parameters: 6.647 B, Latency: 3.10s, TFLOPs: 3.32, Samples/sec: 0.32, Time/seq 3.10s, Batch Size: 1, Sequence Length: 512
Model Parameters: 6.647 B, Latency: 3.09s, TFLOPs: 3.33, Samples/sec: 0.32, Time/seq 3.09s, Batch Size: 1, Sequence Length: 512
Model Parameters: 6.647 B, Latency: 3.13s, TFLOPs: 3.28, Samples/sec: 0.32, Time/seq 3.13s, Batch Size: 1, Sequence Length: 512
Model Parameters: 6.647 B, Latency: 3.08s, TFLOPs: 3.33, Samples/sec: 0.32, Time/seq 3.08s, Batch Size: 1, Sequence Length: 512
Model Parameters: 6.647 B, Latency: 3.10s, TFLOPs: 3.32, Samples/sec: 0.32, Time/seq 3.10s, Batch Size: 1, Sequence Length: 512
Model Parameters: 6.647 B, Latency: 3.10s, TFLOPs: 3.32, Samples/sec: 0.32, Time/seq 3.10s, Batch Size: 1, Sequence Length: 512
Model Parameters: 6.647 B, Latency: 3.15s, TFLOPs: 3.26, Samples/sec: 0.32, Time/seq 3.15s, Batch Size: 1, Sequence Length: 512
Model Parameters: 6.647 B, Latency: 3.08s, TFLOPs: 3.33, Samples/sec: 0.32, Time/seq 3.08s, Batch Size: 1, Sequence Length: 512
Model Parameters: 6.647 B, Latency: 3.10s, TFLOPs: 3.32, Samples/sec: 0.32, Time/seq 3.10s, Batch Size: 1, Sequence Length: 512
Model Parameters: 6.647 B, Latency: 3.10s, TFLOPs: 3.31, Samples/sec: 0.32, Time/seq 3.10s, Batch Size: 1, Sequence Length: 512
Model Parameters: 6.647 B, Latency: 3.14s, TFLOPs: 3.27, Samples/sec: 0.32, Time/seq 3.14s, Batch Size: 1, Sequence Length: 512
Model Parameters: 6.647 B, Latency: 3.10s, TFLOPs: 3.32, Samples/sec: 0.32, Time/seq 3.10s, Batch Size: 1, Sequence Length: 512
Model Parameters: 6.647 B, Latency: 3.11s, TFLOPs: 3.31, Samples/sec: 0.32, Time/seq 3.11s, Batch Size: 1, Sequence Length: 512
Model Parameters: 6.647 B, Latency: 3.11s, TFLOPs: 3.30, Samples/sec: 0.32, Time/seq 3.11s, Batch Size: 1, Sequence Length: 512
Model Parameters: 6.647 B, Latency: 3.14s, TFLOPs: 3.27, Samples/sec: 0.32, Time/seq 3.14s, Batch Size: 1, Sequence Length: 512
Model Parameters: 6.647 B, Latency: 3.10s, TFLOPs: 3.32, Samples/sec: 0.32, Time/seq 3.10s, Batch Size: 1, Sequence Length: 512
Model Parameters: 6.647 B, Latency: 3.11s, TFLOPs: 3.30, Samples/sec: 0.32, Time/seq 3.11s, Batch Size: 1, Sequence Length: 512
Model Parameters: 6.647 B, Latency: 3.11s, TFLOPs: 3.31, Samples/sec: 0.32, Time/seq 3.11s, Batch Size: 1, Sequence Length: 512
Model Parameters: 6.647 B, Latency: 3.15s, TFLOPs: 3.27, Samples/sec: 0.32, Time/seq 3.15s, Batch Size: 1, Sequence Length: 512
Model Parameters: 6.647 B, Latency: 3.09s, TFLOPs: 3.32, Samples/sec: 0.32, Time/seq 3.09s, Batch Size: 1, Sequence Length: 512
Model Parameters: 6.647 B, Latency: 3.11s, TFLOPs: 3.31, Samples/sec: 0.32, Time/seq 3.11s, Batch Size: 1, Sequence Length: 512
Model Parameters: 6.647 B, Latency: 3.11s, TFLOPs: 3.31, Samples/sec: 0.32, Time/seq 3.11s, Batch Size: 1, Sequence Length: 512
Model Parameters: 6.647 B, Latency: 3.14s, TFLOPs: 3.27, Samples/sec: 0.32, Time/seq 3.14s, Batch Size: 1, Sequence Length: 512
Model Parameters: 6.647 B, Latency: 3.10s, TFLOPs: 3.32, Samples/sec: 0.32, Time/seq 3.10s, Batch Size: 1, Sequence Length: 512
Model Parameters: 6.647 B, Latency: 3.11s, TFLOPs: 3.31, Samples/sec: 0.32, Time/seq 3.11s, Batch Size: 1, Sequence Length: 512
Model Parameters: 6.647 B, Latency: 3.11s, TFLOPs: 3.31, Samples/sec: 0.32, Time/seq 3.11s, Batch Size: 1, Sequence Length: 512
Model Parameters: 6.647 B, Latency: 3.15s, TFLOPs: 3.27, Samples/sec: 0.32, Time/seq 3.15s, Batch Size: 1, Sequence Length: 512
Model Parameters: 6.647 B, Latency: 3.10s, TFLOPs: 3.32, Samples/sec: 0.32, Time/seq 3.10s, Batch Size: 1, Sequence Length: 512
Model Parameters: 6.647 B, Latency: 3.11s, TFLOPs: 3.30, Samples/sec: 0.32, Time/seq 3.11s, Batch Size: 1, Sequence Length: 512
Model Parameters: 6.647 B, Latency: 3.10s, TFLOPs: 3.31, Samples/sec: 0.32, Time/seq 3.10s, Batch Size: 1, Sequence Length: 512
Model Parameters: 6.647 B, Latency: 3.14s, TFLOPs: 3.27, Samples/sec: 0.32, Time/seq 3.14s, Batch Size: 1, Sequence Length: 512
Model Parameters: 6.647 B, Latency: 3.10s, TFLOPs: 3.32, Samples/sec: 0.32, Time/seq 3.10s, Batch Size: 1, Sequence Length: 512
Model Parameters: 6.647 B, Latency: 3.10s, TFLOPs: 3.31, Samples/sec: 0.32, Time/seq 3.10s, Batch Size: 1, Sequence Length: 512
Model Parameters: 6.647 B, Latency: 3.12s, TFLOPs: 3.30, Samples/sec: 0.32, Time/seq 3.12s, Batch Size: 1, Sequence Length: 512
Model Parameters: 6.647 B, Latency: 3.15s, TFLOPs: 3.26, Samples/sec: 0.32, Time/seq 3.15s, Batch Size: 1, Sequence Length: 512
Model Parameters: 6.647 B, Latency: 3.09s, TFLOPs: 3.32, Samples/sec: 0.32, Time/seq 3.09s, Batch Size: 1, Sequence Length: 512
Model Parameters: 6.647 B, Latency: 3.10s, TFLOPs: 3.31, Samples/sec: 0.32, Time/seq 3.10s, Batch Size: 1, Sequence Length: 512
Model Parameters: 6.647 B, Latency: 3.10s, TFLOPs: 3.31, Samples/sec: 0.32, Time/seq 3.10s, Batch Size: 1, Sequence Length: 512
Model Parameters: 6.647 B, Latency: 3.15s, TFLOPs: 3.26, Samples/sec: 0.32, Time/seq 3.15s, Batch Size: 1, Sequence Length: 512
Model Parameters: 6.647 B, Latency: 3.10s, TFLOPs: 3.32, Samples/sec: 0.32, Time/seq 3.10s, Batch Size: 1, Sequence Length: 512
Model Parameters: 6.647 B, Latency: 3.10s, TFLOPs: 3.32, Samples/sec: 0.32, Time/seq 3.10s, Batch Size: 1, Sequence Length: 512
Model Parameters: 6.647 B, Latency: 3.10s, TFLOPs: 3.31, Samples/sec: 0.32, Time/seq 3.10s, Batch Size: 1, Sequence Length: 512
Model Parameters: 6.647 B, Latency: 3.15s, TFLOPs: 3.27, Samples/sec: 0.32, Time/seq 3.15s, Batch Size: 1, Sequence Length: 512
Model Parameters: 6.647 B, Latency: 3.09s, TFLOPs: 3.32, Samples/sec: 0.32, Time/seq 3.09s, Batch Size: 1, Sequence Length: 512
Model Parameters: 6.647 B, Latency: 3.10s, TFLOPs: 3.32, Samples/sec: 0.32, Time/seq 3.10s, Batch Size: 1, Sequence Length: 512
Model Parameters: 6.647 B, Latency: 3.11s, TFLOPs: 3.31, Samples/sec: 0.32, Time/seq 3.11s, Batch Size: 1, Sequence Length: 512
Model Parameters: 6.647 B, Latency: 3.14s, TFLOPs: 3.27, Samples/sec: 0.32, Time/seq 3.14s, Batch Size: 1, Sequence Length: 512
Model Parameters: 6.647 B, Latency: 3.10s, TFLOPs: 3.32, Samples/sec: 0.32, Time/seq 3.10s, Batch Size: 1, Sequence Length: 512
Model Parameters: 6.647 B, Latency: 3.12s, TFLOPs: 3.30, Samples/sec: 0.32, Time/seq 3.12s, Batch Size: 1, Sequence Length: 512
Model Parameters: 6.647 B, Latency: 3.11s, TFLOPs: 3.30, Samples/sec: 0.32, Time/seq 3.11s, Batch Size: 1, Sequence Length: 512
Model Parameters: 6.647 B, Latency: 3.14s, TFLOPs: 3.27, Samples/sec: 0.32, Time/seq 3.14s, Batch Size: 1, Sequence Length: 512
Model Parameters: 6.647 B, Latency: 3.09s, TFLOPs: 3.33, Samples/sec: 0.32, Time/seq 3.09s, Batch Size: 1, Sequence Length: 512
Model Parameters: 6.647 B, Latency: 3.11s, TFLOPs: 3.31, Samples/sec: 0.32, Time/seq 3.11s, Batch Size: 1, Sequence Length: 512
Model Parameters: 6.647 B, Latency: 3.11s, TFLOPs: 3.31, Samples/sec: 0.32, Time/seq 3.11s, Batch Size: 1, Sequence Length: 512
Model Parameters: 6.647 B, Latency: 3.14s, TFLOPs: 3.27, Samples/sec: 0.32, Time/seq 3.14s, Batch Size: 1, Sequence Length: 512
Model Parameters: 6.647 B, Latency: 3.09s, TFLOPs: 3.32, Samples/sec: 0.32, Time/seq 3.09s, Batch Size: 1, Sequence Length: 512
Model Parameters: 6.647 B, Latency: 3.11s, TFLOPs: 3.30, Samples/sec: 0.32, Time/seq 3.11s, Batch Size: 1, Sequence Length: 512
Model Parameters: 6.647 B, Latency: 3.11s, TFLOPs: 3.31, Samples/sec: 0.32, Time/seq 3.11s, Batch Size: 1, Sequence Length: 512
Model Parameters: 6.647 B, Latency: 3.14s, TFLOPs: 3.27, Samples/sec: 0.32, Time/seq 3.14s, Batch Size: 1, Sequence Length: 512
Model Parameters: 6.647 B, Latency: 3.12s, TFLOPs: 3.29, Samples/sec: 0.32, Time/seq 3.12s, Batch Size: 1, Sequence Length: 512
Model Parameters: 6.647 B, Latency: 3.11s, TFLOPs: 3.30, Samples/sec: 0.32, Time/seq 3.11s, Batch Size: 1, Sequence Length: 512
Model Parameters: 6.647 B, Latency: 3.11s, TFLOPs: 3.30, Samples/sec: 0.32, Time/seq 3.11s, Batch Size: 1, Sequence Length: 512
Model Parameters: 6.647 B, Latency: 3.14s, TFLOPs: 3.27, Samples/sec: 0.32, Time/seq 3.14s, Batch Size: 1, Sequence Length: 512
Model Parameters: 6.647 B, Latency: 3.09s, TFLOPs: 3.33, Samples/sec: 0.32, Time/seq 3.09s, Batch Size: 1, Sequence Length: 512
Model Parameters: 6.647 B, Latency: 3.10s, TFLOPs: 3.31, Samples/sec: 0.32, Time/seq 3.10s, Batch Size: 1, Sequence Length: 512
Model Parameters: 6.647 B, Latency: 3.10s, TFLOPs: 3.32, Samples/sec: 0.32, Time/seq 3.10s, Batch Size: 1, Sequence Length: 512
Model Parameters: 6.647 B, Latency: 3.14s, TFLOPs: 3.28, Samples/sec: 0.32, Time/seq 3.14s, Batch Size: 1, Sequence Length: 512
Model Parameters: 6.647 B, Latency: 3.09s, TFLOPs: 3.32, Samples/sec: 0.32, Time/seq 3.09s, Batch Size: 1, Sequence Length: 512
Model Parameters: 6.647 B, Latency: 3.10s, TFLOPs: 3.32, Samples/sec: 0.32, Time/seq 3.10s, Batch Size: 1, Sequence Length: 512
Model Parameters: 6.647 B, Latency: 3.10s, TFLOPs: 3.31, Samples/sec: 0.32, Time/seq 3.10s, Batch Size: 1, Sequence Length: 512
Model Parameters: 6.647 B, Latency: 3.15s, TFLOPs: 3.26, Samples/sec: 0.32, Time/seq 3.15s, Batch Size: 1, Sequence Length: 512
Model Parameters: 6.647 B, Latency: 3.08s, TFLOPs: 3.33, Samples/sec: 0.32, Time/seq 3.08s, Batch Size: 1, Sequence Length: 512
Model Parameters: 6.647 B, Latency: 3.11s, TFLOPs: 3.31, Samples/sec: 0.32, Time/seq 3.11s, Batch Size: 1, Sequence Length: 512
Model Parameters: 6.647 B, Latency: 3.09s, TFLOPs: 3.32, Samples/sec: 0.32, Time/seq 3.09s, Batch Size: 1, Sequence Length: 512
Model Parameters: 6.647 B, Latency: 3.14s, TFLOPs: 3.27, Samples/sec: 0.32, Time/seq 3.14s, Batch Size: 1, Sequence Length: 512
Model Parameters: 6.647 B, Latency: 3.09s, TFLOPs: 3.33, Samples/sec: 0.32, Time/seq 3.09s, Batch Size: 1, Sequence Length: 512
Model Parameters: 6.647 B, Latency: 3.10s, TFLOPs: 3.31, Samples/sec: 0.32, Time/seq 3.10s, Batch Size: 1, Sequence Length: 512
Model Parameters: 6.647 B, Latency: 3.09s, TFLOPs: 3.32, Samples/sec: 0.32, Time/seq 3.09s, Batch Size: 1, Sequence Length: 512
Model Parameters: 6.647 B, Latency: 3.14s, TFLOPs: 3.28, Samples/sec: 0.32, Time/seq 3.14s, Batch Size: 1, Sequence Length: 512
Model Parameters: 6.647 B, Latency: 3.08s, TFLOPs: 3.33, Samples/sec: 0.32, Time/seq 3.08s, Batch Size: 1, Sequence Length: 512
Model Parameters: 6.647 B, Latency: 3.10s, TFLOPs: 3.31, Samples/sec: 0.32, Time/seq 3.10s, Batch Size: 1, Sequence Length: 512
Model Parameters: 6.647 B, Latency: 3.10s, TFLOPs: 3.31, Samples/sec: 0.32, Time/seq 3.10s, Batch Size: 1, Sequence Length: 512
Model Parameters: 6.647 B, Latency: 3.14s, TFLOPs: 3.27, Samples/sec: 0.32, Time/seq 3.14s, Batch Size: 1, Sequence Length: 512
Model Parameters: 6.647 B, Latency: 3.09s, TFLOPs: 3.33, Samples/sec: 0.32, Time/seq 3.09s, Batch Size: 1, Sequence Length: 512
Model Parameters: 6.647 B, Latency: 3.10s, TFLOPs: 3.31, Samples/sec: 0.32, Time/seq 3.10s, Batch Size: 1, Sequence Length: 512
Model Parameters: 6.647 B, Latency: 3.11s, TFLOPs: 3.31, Samples/sec: 0.32, Time/seq 3.11s, Batch Size: 1, Sequence Length: 512
Model Parameters: 6.647 B, Latency: 3.14s, TFLOPs: 3.27, Samples/sec: 0.32, Time/seq 3.14s, Batch Size: 1, Sequence Length: 512
Model Parameters: 6.647 B, Latency: 3.09s, TFLOPs: 3.33, Samples/sec: 0.32, Time/seq 3.09s, Batch Size: 1, Sequence Length: 512
Model Parameters: 6.647 B, Latency: 3.10s, TFLOPs: 3.32, Samples/sec: 0.32, Time/seq 3.10s, Batch Size: 1, Sequence Length: 512
Model Parameters: 6.647 B, Latency: 3.11s, TFLOPs: 3.31, Samples/sec: 0.32, Time/seq 3.11s, Batch Size: 1, Sequence Length: 512
Model Parameters: 6.647 B, Latency: 3.13s, TFLOPs: 3.28, Samples/sec: 0.32, Time/seq 3.13s, Batch Size: 1, Sequence Length: 512
Model Parameters: 6.647 B, Latency: 3.09s, TFLOPs: 3.33, Samples/sec: 0.32, Time/seq 3.09s, Batch Size: 1, Sequence Length: 512
Model Parameters: 6.647 B, Latency: 3.10s, TFLOPs: 3.31, Samples/sec: 0.32, Time/seq 3.10s, Batch Size: 1, Sequence Length: 512
Model Parameters: 6.647 B, Latency: 3.10s, TFLOPs: 3.32, Samples/sec: 0.32, Time/seq 3.10s, Batch Size: 1, Sequence Length: 512
Model Parameters: 6.647 B, Latency: 3.14s, TFLOPs: 3.28, Samples/sec: 0.32, Time/seq 3.14s, Batch Size: 1, Sequence Length: 512
Model Parameters: 6.647 B, Latency: 3.09s, TFLOPs: 3.33, Samples/sec: 0.32, Time/seq 3.09s, Batch Size: 1, Sequence Length: 512
Model Parameters: 6.647 B, Latency: 3.10s, TFLOPs: 3.32, Samples/sec: 0.32, Time/seq 3.10s, Batch Size: 1, Sequence Length: 512
Model Parameters: 6.647 B, Latency: 3.11s, TFLOPs: 3.31, Samples/sec: 0.32, Time/seq 3.11s, Batch Size: 1, Sequence Length: 512
Model Parameters: 6.647 B, Latency: 3.14s, TFLOPs: 3.28, Samples/sec: 0.32, Time/seq 3.14s, Batch Size: 1, Sequence Length: 512
Model Parameters: 6.647 B, Latency: 3.08s, TFLOPs: 3.33, Samples/sec: 0.32, Time/seq 3.08s, Batch Size: 1, Sequence Length: 512
Model Parameters: 6.647 B, Latency: 3.11s, TFLOPs: 3.31, Samples/sec: 0.32, Time/seq 3.11s, Batch Size: 1, Sequence Length: 512
Model Parameters: 6.647 B, Latency: 3.10s, TFLOPs: 3.31, Samples/sec: 0.32, Time/seq 3.10s, Batch Size: 1, Sequence Length: 512
Model Parameters: 6.647 B, Latency: 3.13s, TFLOPs: 3.29, Samples/sec: 0.32, Time/seq 3.13s, Batch Size: 1, Sequence Length: 512
Model Parameters: 6.647 B, Latency: 3.09s, TFLOPs: 3.33, Samples/sec: 0.32, Time/seq 3.09s, Batch Size: 1, Sequence Length: 512
Model Parameters: 6.647 B, Latency: 3.10s, TFLOPs: 3.31, Samples/sec: 0.32, Time/seq 3.10s, Batch Size: 1, Sequence Length: 512
Model Parameters: 6.647 B, Latency: 3.11s, TFLOPs: 3.31, Samples/sec: 0.32, Time/seq 3.11s, Batch Size: 1, Sequence Length: 512
Model Parameters: 6.647 B, Latency: 3.14s, TFLOPs: 3.27, Samples/sec: 0.32, Time/seq 3.14s, Batch Size: 1, Sequence Length: 512
Model Parameters: 6.647 B, Latency: 3.09s, TFLOPs: 3.33, Samples/sec: 0.32, Time/seq 3.09s, Batch Size: 1, Sequence Length: 512
Model Parameters: 6.647 B, Latency: 3.10s, TFLOPs: 3.31, Samples/sec: 0.32, Time/seq 3.10s, Batch Size: 1, Sequence Length: 512
Model Parameters: 6.647 B, Latency: 3.10s, TFLOPs: 3.32, Samples/sec: 0.32, Time/seq 3.10s, Batch Size: 1, Sequence Length: 512
Model Parameters: 6.647 B, Latency: 3.14s, TFLOPs: 3.28, Samples/sec: 0.32, Time/seq 3.14s, Batch Size: 1, Sequence Length: 512
Model Parameters: 6.647 B, Latency: 3.09s, TFLOPs: 3.33, Samples/sec: 0.32, Time/seq 3.09s, Batch Size: 1, Sequence Length: 512
Model Parameters: 6.647 B, Latency: 3.11s, TFLOPs: 3.31, Samples/sec: 0.32, Time/seq 3.11s, Batch Size: 1, Sequence Length: 512
Model Parameters: 6.647 B, Latency: 3.10s, TFLOPs: 3.32, Samples/sec: 0.32, Time/seq 3.10s, Batch Size: 1, Sequence Length: 512
Model Parameters: 6.647 B, Latency: 3.14s, TFLOPs: 3.27, Samples/sec: 0.32, Time/seq 3.14s, Batch Size: 1, Sequence Length: 512
Model Parameters: 6.647 B, Latency: 3.09s, TFLOPs: 3.33, Samples/sec: 0.32, Time/seq 3.09s, Batch Size: 1, Sequence Length: 512
Model Parameters: 6.647 B, Latency: 3.11s, TFLOPs: 3.30, Samples/sec: 0.32, Time/seq 3.11s, Batch Size: 1, Sequence Length: 512
Model Parameters: 6.647 B, Latency: 3.10s, TFLOPs: 3.32, Samples/sec: 0.32, Time/seq 3.10s, Batch Size: 1, Sequence Length: 512
Model Parameters: 6.647 B, Latency: 3.14s, TFLOPs: 3.28, Samples/sec: 0.32, Time/seq 3.14s, Batch Size: 1, Sequence Length: 512
Model Parameters: 6.647 B, Latency: 3.12s, TFLOPs: 3.29, Samples/sec: 0.32, Time/seq 3.12s, Batch Size: 1, Sequence Length: 512
Model Parameters: 6.647 B, Latency: 3.10s, TFLOPs: 3.31, Samples/sec: 0.32, Time/seq 3.10s, Batch Size: 1, Sequence Length: 512
Model Parameters: 6.647 B, Latency: 3.10s, TFLOPs: 3.32, Samples/sec: 0.32, Time/seq 3.10s, Batch Size: 1, Sequence Length: 512
Model Parameters: 6.647 B, Latency: 3.15s, TFLOPs: 3.27, Samples/sec: 0.32, Time/seq 3.15s, Batch Size: 1, Sequence Length: 512
Model Parameters: 6.647 B, Latency: 3.08s, TFLOPs: 3.34, Samples/sec: 0.32, Time/seq 3.08s, Batch Size: 1, Sequence Length: 512
Model Parameters: 6.647 B, Latency: 3.11s, TFLOPs: 3.31, Samples/sec: 0.32, Time/seq 3.11s, Batch Size: 1, Sequence Length: 512
Model Parameters: 6.647 B, Latency: 3.10s, TFLOPs: 3.32, Samples/sec: 0.32, Time/seq 3.10s, Batch Size: 1, Sequence Length: 512
Model Parameters: 6.647 B, Latency: 3.14s, TFLOPs: 3.28, Samples/sec: 0.32, Time/seq 3.14s, Batch Size: 1, Sequence Length: 512
Model Parameters: 6.647 B, Latency: 3.09s, TFLOPs: 3.33, Samples/sec: 0.32, Time/seq 3.09s, Batch Size: 1, Sequence Length: 512
Model Parameters: 6.647 B, Latency: 3.11s, TFLOPs: 3.31, Samples/sec: 0.32, Time/seq 3.11s, Batch Size: 1, Sequence Length: 512
Model Parameters: 6.647 B, Latency: 3.10s, TFLOPs: 3.32, Samples/sec: 0.32, Time/seq 3.10s, Batch Size: 1, Sequence Length: 512
Model Parameters: 6.647 B, Latency: 3.14s, TFLOPs: 3.28, Samples/sec: 0.32, Time/seq 3.14s, Batch Size: 1, Sequence Length: 512
Model Parameters: 6.647 B, Latency: 3.09s, TFLOPs: 3.33, Samples/sec: 0.32, Time/seq 3.09s, Batch Size: 1, Sequence Length: 512
Model Parameters: 6.647 B, Latency: 3.10s, TFLOPs: 3.32, Samples/sec: 0.32, Time/seq 3.10s, Batch Size: 1, Sequence Length: 512
Model Parameters: 6.647 B, Latency: 3.11s, TFLOPs: 3.31, Samples/sec: 0.32, Time/seq 3.11s, Batch Size: 1, Sequence Length: 512
Model Parameters: 6.647 B, Latency: 3.15s, TFLOPs: 3.26, Samples/sec: 0.32, Time/seq 3.15s, Batch Size: 1, Sequence Length: 512
Model Parameters: 6.647 B, Latency: 3.09s, TFLOPs: 3.33, Samples/sec: 0.32, Time/seq 3.09s, Batch Size: 1, Sequence Length: 512
Model Parameters: 6.647 B, Latency: 3.10s, TFLOPs: 3.32, Samples/sec: 0.32, Time/seq 3.10s, Batch Size: 1, Sequence Length: 512
Model Parameters: 6.647 B, Latency: 3.11s, TFLOPs: 3.30, Samples/sec: 0.32, Time/seq 3.11s, Batch Size: 1, Sequence Length: 512
Model Parameters: 6.647 B, Latency: 3.14s, TFLOPs: 3.27, Samples/sec: 0.32, Time/seq 3.14s, Batch Size: 1, Sequence Length: 512
Model Parameters: 6.647 B, Latency: 3.09s, TFLOPs: 3.33, Samples/sec: 0.32, Time/seq 3.09s, Batch Size: 1, Sequence Length: 512
Model Parameters: 6.647 B, Latency: 3.10s, TFLOPs: 3.31, Samples/sec: 0.32, Time/seq 3.10s, Batch Size: 1, Sequence Length: 512
Model Parameters: 6.647 B, Latency: 3.10s, TFLOPs: 3.32, Samples/sec: 0.32, Time/seq 3.10s, Batch Size: 1, Sequence Length: 512
Model Parameters: 6.647 B, Latency: 3.13s, TFLOPs: 3.28, Samples/sec: 0.32, Time/seq 3.13s, Batch Size: 1, Sequence Length: 512
Model Parameters: 6.647 B, Latency: 3.09s, TFLOPs: 3.33, Samples/sec: 0.32, Time/seq 3.09s, Batch Size: 1, Sequence Length: 512
Model Parameters: 6.647 B, Latency: 3.10s, TFLOPs: 3.31, Samples/sec: 0.32, Time/seq 3.10s, Batch Size: 1, Sequence Length: 512
Model Parameters: 6.647 B, Latency: 3.10s, TFLOPs: 3.31, Samples/sec: 0.32, Time/seq 3.10s, Batch Size: 1, Sequence Length: 512
Model Parameters: 6.647 B, Latency: 3.13s, TFLOPs: 3.28, Samples/sec: 0.32, Time/seq 3.13s, Batch Size: 1, Sequence Length: 512
Model Parameters: 6.647 B, Latency: 3.08s, TFLOPs: 3.33, Samples/sec: 0.32, Time/seq 3.08s, Batch Size: 1, Sequence Length: 512
Model Parameters: 6.647 B, Latency: 3.10s, TFLOPs: 3.32, Samples/sec: 0.32, Time/seq 3.10s, Batch Size: 1, Sequence Length: 512
Model Parameters: 6.647 B, Latency: 3.10s, TFLOPs: 3.32, Samples/sec: 0.32, Time/seq 3.10s, Batch Size: 1, Sequence Length: 512
Model Parameters: 6.647 B, Latency: 3.13s, TFLOPs: 3.28, Samples/sec: 0.32, Time/seq 3.13s, Batch Size: 1, Sequence Length: 512
Model Parameters: 6.647 B, Latency: 3.09s, TFLOPs: 3.33, Samples/sec: 0.32, Time/seq 3.09s, Batch Size: 1, Sequence Length: 512
Model Parameters: 6.647 B, Latency: 3.11s, TFLOPs: 3.31, Samples/sec: 0.32, Time/seq 3.11s, Batch Size: 1, Sequence Length: 512
Model Parameters: 6.647 B, Latency: 3.10s, TFLOPs: 3.32, Samples/sec: 0.32, Time/seq 3.10s, Batch Size: 1, Sequence Length: 512
Model Parameters: 6.647 B, Latency: 3.14s, TFLOPs: 3.28, Samples/sec: 0.32, Time/seq 3.14s, Batch Size: 1, Sequence Length: 512
Model Parameters: 6.647 B, Latency: 3.09s, TFLOPs: 3.33, Samples/sec: 0.32, Time/seq 3.09s, Batch Size: 1, Sequence Length: 512
Model Parameters: 6.647 B, Latency: 3.10s, TFLOPs: 3.31, Samples/sec: 0.32, Time/seq 3.10s, Batch Size: 1, Sequence Length: 512
Model Parameters: 6.647 B, Latency: 3.10s, TFLOPs: 3.31, Samples/sec: 0.32, Time/seq 3.10s, Batch Size: 1, Sequence Length: 512
Model Parameters: 6.647 B, Latency: 3.14s, TFLOPs: 3.27, Samples/sec: 0.32, Time/seq 3.14s, Batch Size: 1, Sequence Length: 512
Model Parameters: 6.647 B, Latency: 3.12s, TFLOPs: 3.29, Samples/sec: 0.32, Time/seq 3.12s, Batch Size: 1, Sequence Length: 512
Model Parameters: 6.647 B, Latency: 3.11s, TFLOPs: 3.30, Samples/sec: 0.32, Time/seq 3.11s, Batch Size: 1, Sequence Length: 512
Model Parameters: 6.647 B, Latency: 3.11s, TFLOPs: 3.31, Samples/sec: 0.32, Time/seq 3.11s, Batch Size: 1, Sequence Length: 512
Model Parameters: 6.647 B, Latency: 3.14s, TFLOPs: 3.28, Samples/sec: 0.32, Time/seq 3.14s, Batch Size: 1, Sequence Length: 512
Model Parameters: 6.647 B, Latency: 3.09s, TFLOPs: 3.33, Samples/sec: 0.32, Time/seq 3.09s, Batch Size: 1, Sequence Length: 512
Model Parameters: 6.647 B, Latency: 3.10s, TFLOPs: 3.31, Samples/sec: 0.32, Time/seq 3.10s, Batch Size: 1, Sequence Length: 512
Model Parameters: 6.647 B, Latency: 3.11s, TFLOPs: 3.31, Samples/sec: 0.32, Time/seq 3.11s, Batch Size: 1, Sequence Length: 512
Model Parameters: 6.647 B, Latency: 3.13s, TFLOPs: 3.28, Samples/sec: 0.32, Time/seq 3.13s, Batch Size: 1, Sequence Length: 512
Model Parameters: 6.647 B, Latency: 3.09s, TFLOPs: 3.33, Samples/sec: 0.32, Time/seq 3.09s, Batch Size: 1, Sequence Length: 512
Model Parameters: 6.647 B, Latency: 3.10s, TFLOPs: 3.31, Samples/sec: 0.32, Time/seq 3.10s, Batch Size: 1, Sequence Length: 512
Model Parameters: 6.647 B, Latency: 3.11s, TFLOPs: 3.31, Samples/sec: 0.32, Time/seq 3.11s, Batch Size: 1, Sequence Length: 512
Model Parameters: 6.647 B, Latency: 3.14s, TFLOPs: 3.27, Samples/sec: 0.32, Time/seq 3.14s, Batch Size: 1, Sequence Length: 512
Model Parameters: 6.647 B, Latency: 3.09s, TFLOPs: 3.33, Samples/sec: 0.32, Time/seq 3.09s, Batch Size: 1, Sequence Length: 512
Model Parameters: 6.647 B, Latency: 3.10s, TFLOPs: 3.32, Samples/sec: 0.32, Time/seq 3.10s, Batch Size: 1, Sequence Length: 512
Model Parameters: 6.647 B, Latency: 3.11s, TFLOPs: 3.31, Samples/sec: 0.32, Time/seq 3.11s, Batch Size: 1, Sequence Length: 512
Model Parameters: 6.647 B, Latency: 3.14s, TFLOPs: 3.28, Samples/sec: 0.32, Time/seq 3.14s, Batch Size: 1, Sequence Length: 512
Model Parameters: 6.647 B, Latency: 3.12s, TFLOPs: 3.30, Samples/sec: 0.32, Time/seq 3.12s, Batch Size: 1, Sequence Length: 512
Model Parameters: 6.647 B, Latency: 3.10s, TFLOPs: 3.31, Samples/sec: 0.32, Time/seq 3.10s, Batch Size: 1, Sequence Length: 512
Model Parameters: 6.647 B, Latency: 3.10s, TFLOPs: 3.32, Samples/sec: 0.32, Time/seq 3.10s, Batch Size: 1, Sequence Length: 512
Model Parameters: 6.647 B, Latency: 3.14s, TFLOPs: 3.28, Samples/sec: 0.32, Time/seq 3.14s, Batch Size: 1, Sequence Length: 512
Model Parameters: 6.647 B, Latency: 3.09s, TFLOPs: 3.32, Samples/sec: 0.32, Time/seq 3.09s, Batch Size: 1, Sequence Length: 512
Model Parameters: 6.647 B, Latency: 3.10s, TFLOPs: 3.31, Samples/sec: 0.32, Time/seq 3.10s, Batch Size: 1, Sequence Length: 512
Model Parameters: 6.647 B, Latency: 3.10s, TFLOPs: 3.32, Samples/sec: 0.32, Time/seq 3.10s, Batch Size: 1, Sequence Length: 512
Model Parameters: 6.647 B, Latency: 3.14s, TFLOPs: 3.27, Samples/sec: 0.32, Time/seq 3.14s, Batch Size: 1, Sequence Length: 512
Model Parameters: 6.647 B, Latency: 3.13s, TFLOPs: 3.29, Samples/sec: 0.32, Time/seq 3.13s, Batch Size: 1, Sequence Length: 512
Model Parameters: 6.647 B, Latency: 3.10s, TFLOPs: 3.31, Samples/sec: 0.32, Time/seq 3.10s, Batch Size: 1, Sequence Length: 512
Model Parameters: 6.647 B, Latency: 3.10s, TFLOPs: 3.32, Samples/sec: 0.32, Time/seq 3.10s, Batch Size: 1, Sequence Length: 512
Model Parameters: 6.647 B, Latency: 3.14s, TFLOPs: 3.28, Samples/sec: 0.32, Time/seq 3.14s, Batch Size: 1, Sequence Length: 512
Model Parameters: 6.647 B, Latency: 3.10s, TFLOPs: 3.32, Samples/sec: 0.32, Time/seq 3.10s, Batch Size: 1, Sequence Length: 512
Model Parameters: 6.647 B, Latency: 3.10s, TFLOPs: 3.31, Samples/sec: 0.32, Time/seq 3.10s, Batch Size: 1, Sequence Length: 512
Model Parameters: 6.647 B, Latency: 3.12s, TFLOPs: 3.30, Samples/sec: 0.32, Time/seq 3.12s, Batch Size: 1, Sequence Length: 512
Model Parameters: 6.647 B, Latency: 3.14s, TFLOPs: 3.27, Samples/sec: 0.32, Time/seq 3.14s, Batch Size: 1, Sequence Length: 512
Model Parameters: 6.647 B, Latency: 3.09s, TFLOPs: 3.33, Samples/sec: 0.32, Time/seq 3.09s, Batch Size: 1, Sequence Length: 512
Model Parameters: 6.647 B, Latency: 3.11s, TFLOPs: 3.31, Samples/sec: 0.32, Time/seq 3.11s, Batch Size: 1, Sequence Length: 512
Model Parameters: 6.647 B, Latency: 3.11s, TFLOPs: 3.31, Samples/sec: 0.32, Time/seq 3.11s, Batch Size: 1, Sequence Length: 512
Model Parameters: 6.647 B, Latency: 3.14s, TFLOPs: 3.28, Samples/sec: 0.32, Time/seq 3.14s, Batch Size: 1, Sequence Length: 512
Model Parameters: 6.647 B, Latency: 3.09s, TFLOPs: 3.32, Samples/sec: 0.32, Time/seq 3.09s, Batch Size: 1, Sequence Length: 512
Model Parameters: 6.647 B, Latency: 3.10s, TFLOPs: 3.31, Samples/sec: 0.32, Time/seq 3.10s, Batch Size: 1, Sequence Length: 512
Model Parameters: 6.647 B, Latency: 3.10s, TFLOPs: 3.31, Samples/sec: 0.32, Time/seq 3.10s, Batch Size: 1, Sequence Length: 512
Model Parameters: 6.647 B, Latency: 3.14s, TFLOPs: 3.27, Samples/sec: 0.32, Time/seq 3.14s, Batch Size: 1, Sequence Length: 512
Model Parameters: 6.647 B, Latency: 3.09s, TFLOPs: 3.33, Samples/sec: 0.32, Time/seq 3.09s, Batch Size: 1, Sequence Length: 512
Model Parameters: 6.647 B, Latency: 3.10s, TFLOPs: 3.31, Samples/sec: 0.32, Time/seq 3.10s, Batch Size: 1, Sequence Length: 512
Model Parameters: 6.647 B, Latency: 3.11s, TFLOPs: 3.31, Samples/sec: 0.32, Time/seq 3.11s, Batch Size: 1, Sequence Length: 512
Model Parameters: 6.647 B, Latency: 3.13s, TFLOPs: 3.28, Samples/sec: 0.32, Time/seq 3.13s, Batch Size: 1, Sequence Length: 512
Model Parameters: 6.647 B, Latency: 3.09s, TFLOPs: 3.33, Samples/sec: 0.32, Time/seq 3.09s, Batch Size: 1, Sequence Length: 512
Model Parameters: 6.647 B, Latency: 3.10s, TFLOPs: 3.32, Samples/sec: 0.32, Time/seq 3.10s, Batch Size: 1, Sequence Length: 512
Model Parameters: 6.647 B, Latency: 3.10s, TFLOPs: 3.32, Samples/sec: 0.32, Time/seq 3.10s, Batch Size: 1, Sequence Length: 512
Model Parameters: 6.647 B, Latency: 3.14s, TFLOPs: 3.27, Samples/sec: 0.32, Time/seq 3.14s, Batch Size: 1, Sequence Length: 512
Model Parameters: 6.647 B, Latency: 3.09s, TFLOPs: 3.33, Samples/sec: 0.32, Time/seq 3.09s, Batch Size: 1, Sequence Length: 512
Model Parameters: 6.647 B, Latency: 3.10s, TFLOPs: 3.32, Samples/sec: 0.32, Time/seq 3.10s, Batch Size: 1, Sequence Length: 512
Model Parameters: 6.647 B, Latency: 3.10s, TFLOPs: 3.31, Samples/sec: 0.32, Time/seq 3.10s, Batch Size: 1, Sequence Length: 512
Model Parameters: 6.647 B, Latency: 3.15s, TFLOPs: 3.26, Samples/sec: 0.32, Time/seq 3.15s, Batch Size: 1, Sequence Length: 512
Model Parameters: 6.647 B, Latency: 3.08s, TFLOPs: 3.33, Samples/sec: 0.32, Time/seq 3.08s, Batch Size: 1, Sequence Length: 512
Model Parameters: 6.647 B, Latency: 3.10s, TFLOPs: 3.32, Samples/sec: 0.32, Time/seq 3.10s, Batch Size: 1, Sequence Length: 512
Model Parameters: 6.647 B, Latency: 3.10s, TFLOPs: 3.32, Samples/sec: 0.32, Time/seq 3.10s, Batch Size: 1, Sequence Length: 512
Model Parameters: 6.647 B, Latency: 3.13s, TFLOPs: 3.28, Samples/sec: 0.32, Time/seq 3.13s, Batch Size: 1, Sequence Length: 512
Model Parameters: 6.647 B, Latency: 3.10s, TFLOPs: 3.32, Samples/sec: 0.32, Time/seq 3.10s, Batch Size: 1, Sequence Length: 512
Model Parameters: 6.647 B, Latency: 3.10s, TFLOPs: 3.31, Samples/sec: 0.32, Time/seq 3.10s, Batch Size: 1, Sequence Length: 512
Model Parameters: 6.647 B, Latency: 3.10s, TFLOPs: 3.31, Samples/sec: 0.32, Time/seq 3.10s, Batch Size: 1, Sequence Length: 512
Model Parameters: 6.647 B, Latency: 3.14s, TFLOPs: 3.28, Samples/sec: 0.32, Time/seq 3.14s, Batch Size: 1, Sequence Length: 512
Model Parameters: 6.647 B, Latency: 3.10s, TFLOPs: 3.32, Samples/sec: 0.32, Time/seq 3.10s, Batch Size: 1, Sequence Length: 512
Model Parameters: 6.647 B, Latency: 3.12s, TFLOPs: 3.30, Samples/sec: 0.32, Time/seq 3.12s, Batch Size: 1, Sequence Length: 512
Model Parameters: 6.647 B, Latency: 3.10s, TFLOPs: 3.32, Samples/sec: 0.32, Time/seq 3.10s, Batch Size: 1, Sequence Length: 512
Model Parameters: 6.647 B, Latency: 3.14s, TFLOPs: 3.28, Samples/sec: 0.32, Time/seq 3.14s, Batch Size: 1, Sequence Length: 512
Model Parameters: 6.647 B, Latency: 3.09s, TFLOPs: 3.33, Samples/sec: 0.32, Time/seq 3.09s, Batch Size: 1, Sequence Length: 512
Model Parameters: 6.647 B, Latency: 3.10s, TFLOPs: 3.32, Samples/sec: 0.32, Time/seq 3.10s, Batch Size: 1, Sequence Length: 512
Model Parameters: 6.647 B, Latency: 3.10s, TFLOPs: 3.32, Samples/sec: 0.32, Time/seq 3.10s, Batch Size: 1, Sequence Length: 512
Model Parameters: 6.647 B, Latency: 3.14s, TFLOPs: 3.27, Samples/sec: 0.32, Time/seq 3.14s, Batch Size: 1, Sequence Length: 512
Model Parameters: 6.647 B, Latency: 3.08s, TFLOPs: 3.33, Samples/sec: 0.32, Time/seq 3.08s, Batch Size: 1, Sequence Length: 512
***** Evaluating perplexity, Epoch 1/2 *****
ppl: 4.29709529876709, loss: 1.4579392671585083
Beginning of Epoch 2/2, Total Micro Batches 381
Model Parameters: 6.647 B, Latency: 3.10s, TFLOPs: 3.32, Samples/sec: 0.32, Time/seq 3.10s, Batch Size: 1, Sequence Length: 512
Model Parameters: 6.647 B, Latency: 3.10s, TFLOPs: 3.32, Samples/sec: 0.32, Time/seq 3.10s, Batch Size: 1, Sequence Length: 512
Model Parameters: 6.647 B, Latency: 3.13s, TFLOPs: 3.28, Samples/sec: 0.32, Time/seq 3.13s, Batch Size: 1, Sequence Length: 512
Model Parameters: 6.647 B, Latency: 3.13s, TFLOPs: 3.28, Samples/sec: 0.32, Time/seq 3.13s, Batch Size: 1, Sequence Length: 512
Model Parameters: 6.647 B, Latency: 3.12s, TFLOPs: 3.30, Samples/sec: 0.32, Time/seq 3.12s, Batch Size: 1, Sequence Length: 512
Model Parameters: 6.647 B, Latency: 3.10s, TFLOPs: 3.31, Samples/sec: 0.32, Time/seq 3.10s, Batch Size: 1, Sequence Length: 512
Model Parameters: 6.647 B, Latency: 3.14s, TFLOPs: 3.27, Samples/sec: 0.32, Time/seq 3.14s, Batch Size: 1, Sequence Length: 512
Model Parameters: 6.647 B, Latency: 3.09s, TFLOPs: 3.33, Samples/sec: 0.32, Time/seq 3.09s, Batch Size: 1, Sequence Length: 512
Model Parameters: 6.647 B, Latency: 3.10s, TFLOPs: 3.32, Samples/sec: 0.32, Time/seq 3.10s, Batch Size: 1, Sequence Length: 512
Model Parameters: 6.647 B, Latency: 3.10s, TFLOPs: 3.32, Samples/sec: 0.32, Time/seq 3.10s, Batch Size: 1, Sequence Length: 512
Model Parameters: 6.647 B, Latency: 3.14s, TFLOPs: 3.27, Samples/sec: 0.32, Time/seq 3.14s, Batch Size: 1, Sequence Length: 512
Model Parameters: 6.647 B, Latency: 3.09s, TFLOPs: 3.33, Samples/sec: 0.32, Time/seq 3.09s, Batch Size: 1, Sequence Length: 512
Model Parameters: 6.647 B, Latency: 3.10s, TFLOPs: 3.32, Samples/sec: 0.32, Time/seq 3.10s, Batch Size: 1, Sequence Length: 512
Model Parameters: 6.647 B, Latency: 3.10s, TFLOPs: 3.31, Samples/sec: 0.32, Time/seq 3.10s, Batch Size: 1, Sequence Length: 512
Model Parameters: 6.647 B, Latency: 3.14s, TFLOPs: 3.27, Samples/sec: 0.32, Time/seq 3.14s, Batch Size: 1, Sequence Length: 512
Model Parameters: 6.647 B, Latency: 3.13s, TFLOPs: 3.29, Samples/sec: 0.32, Time/seq 3.13s, Batch Size: 1, Sequence Length: 512
Model Parameters: 6.647 B, Latency: 3.12s, TFLOPs: 3.30, Samples/sec: 0.32, Time/seq 3.12s, Batch Size: 1, Sequence Length: 512
Model Parameters: 6.647 B, Latency: 3.11s, TFLOPs: 3.30, Samples/sec: 0.32, Time/seq 3.11s, Batch Size: 1, Sequence Length: 512
Model Parameters: 6.647 B, Latency: 3.14s, TFLOPs: 3.28, Samples/sec: 0.32, Time/seq 3.14s, Batch Size: 1, Sequence Length: 512
Model Parameters: 6.647 B, Latency: 3.09s, TFLOPs: 3.33, Samples/sec: 0.32, Time/seq 3.09s, Batch Size: 1, Sequence Length: 512
Model Parameters: 6.647 B, Latency: 3.10s, TFLOPs: 3.32, Samples/sec: 0.32, Time/seq 3.10s, Batch Size: 1, Sequence Length: 512
Model Parameters: 6.647 B, Latency: 3.10s, TFLOPs: 3.32, Samples/sec: 0.32, Time/seq 3.10s, Batch Size: 1, Sequence Length: 512
Model Parameters: 6.647 B, Latency: 3.15s, TFLOPs: 3.27, Samples/sec: 0.32, Time/seq 3.15s, Batch Size: 1, Sequence Length: 512
Model Parameters: 6.647 B, Latency: 3.10s, TFLOPs: 3.32, Samples/sec: 0.32, Time/seq 3.10s, Batch Size: 1, Sequence Length: 512
Model Parameters: 6.647 B, Latency: 3.10s, TFLOPs: 3.32, Samples/sec: 0.32, Time/seq 3.10s, Batch Size: 1, Sequence Length: 512
Model Parameters: 6.647 B, Latency: 3.10s, TFLOPs: 3.31, Samples/sec: 0.32, Time/seq 3.10s, Batch Size: 1, Sequence Length: 512
Model Parameters: 6.647 B, Latency: 3.13s, TFLOPs: 3.28, Samples/sec: 0.32, Time/seq 3.13s, Batch Size: 1, Sequence Length: 512
Model Parameters: 6.647 B, Latency: 3.09s, TFLOPs: 3.33, Samples/sec: 0.32, Time/seq 3.09s, Batch Size: 1, Sequence Length: 512
Model Parameters: 6.647 B, Latency: 3.10s, TFLOPs: 3.31, Samples/sec: 0.32, Time/seq 3.10s, Batch Size: 1, Sequence Length: 512
Model Parameters: 6.647 B, Latency: 3.11s, TFLOPs: 3.31, Samples/sec: 0.32, Time/seq 3.11s, Batch Size: 1, Sequence Length: 512
Model Parameters: 6.647 B, Latency: 3.14s, TFLOPs: 3.27, Samples/sec: 0.32, Time/seq 3.14s, Batch Size: 1, Sequence Length: 512
Model Parameters: 6.647 B, Latency: 3.12s, TFLOPs: 3.29, Samples/sec: 0.32, Time/seq 3.12s, Batch Size: 1, Sequence Length: 512
Model Parameters: 6.647 B, Latency: 3.10s, TFLOPs: 3.31, Samples/sec: 0.32, Time/seq 3.10s, Batch Size: 1, Sequence Length: 512
Model Parameters: 6.647 B, Latency: 3.10s, TFLOPs: 3.32, Samples/sec: 0.32, Time/seq 3.10s, Batch Size: 1, Sequence Length: 512
Model Parameters: 6.647 B, Latency: 3.15s, TFLOPs: 3.26, Samples/sec: 0.32, Time/seq 3.15s, Batch Size: 1, Sequence Length: 512
Model Parameters: 6.647 B, Latency: 3.12s, TFLOPs: 3.29, Samples/sec: 0.32, Time/seq 3.12s, Batch Size: 1, Sequence Length: 512
Model Parameters: 6.647 B, Latency: 3.10s, TFLOPs: 3.31, Samples/sec: 0.32, Time/seq 3.10s, Batch Size: 1, Sequence Length: 512
Model Parameters: 6.647 B, Latency: 3.11s, TFLOPs: 3.31, Samples/sec: 0.32, Time/seq 3.11s, Batch Size: 1, Sequence Length: 512
Model Parameters: 6.647 B, Latency: 3.13s, TFLOPs: 3.28, Samples/sec: 0.32, Time/seq 3.13s, Batch Size: 1, Sequence Length: 512
Model Parameters: 6.647 B, Latency: 3.09s, TFLOPs: 3.33, Samples/sec: 0.32, Time/seq 3.09s, Batch Size: 1, Sequence Length: 512
Model Parameters: 6.647 B, Latency: 3.10s, TFLOPs: 3.31, Samples/sec: 0.32, Time/seq 3.10s, Batch Size: 1, Sequence Length: 512
Model Parameters: 6.647 B, Latency: 3.10s, TFLOPs: 3.32, Samples/sec: 0.32, Time/seq 3.10s, Batch Size: 1, Sequence Length: 512
Model Parameters: 6.647 B, Latency: 3.13s, TFLOPs: 3.28, Samples/sec: 0.32, Time/seq 3.13s, Batch Size: 1, Sequence Length: 512
Model Parameters: 6.647 B, Latency: 3.13s, TFLOPs: 3.29, Samples/sec: 0.32, Time/seq 3.13s, Batch Size: 1, Sequence Length: 512
Model Parameters: 6.647 B, Latency: 3.10s, TFLOPs: 3.32, Samples/sec: 0.32, Time/seq 3.10s, Batch Size: 1, Sequence Length: 512
Model Parameters: 6.647 B, Latency: 3.10s, TFLOPs: 3.31, Samples/sec: 0.32, Time/seq 3.10s, Batch Size: 1, Sequence Length: 512
Model Parameters: 6.647 B, Latency: 3.14s, TFLOPs: 3.27, Samples/sec: 0.32, Time/seq 3.14s, Batch Size: 1, Sequence Length: 512
Model Parameters: 6.647 B, Latency: 3.10s, TFLOPs: 3.32, Samples/sec: 0.32, Time/seq 3.10s, Batch Size: 1, Sequence Length: 512
Model Parameters: 6.647 B, Latency: 3.11s, TFLOPs: 3.31, Samples/sec: 0.32, Time/seq 3.11s, Batch Size: 1, Sequence Length: 512
Model Parameters: 6.647 B, Latency: 3.10s, TFLOPs: 3.32, Samples/sec: 0.32, Time/seq 3.10s, Batch Size: 1, Sequence Length: 512
Model Parameters: 6.647 B, Latency: 3.14s, TFLOPs: 3.27, Samples/sec: 0.32, Time/seq 3.14s, Batch Size: 1, Sequence Length: 512
Model Parameters: 6.647 B, Latency: 3.14s, TFLOPs: 3.28, Samples/sec: 0.32, Time/seq 3.14s, Batch Size: 1, Sequence Length: 512
Model Parameters: 6.647 B, Latency: 3.10s, TFLOPs: 3.32, Samples/sec: 0.32, Time/seq 3.10s, Batch Size: 1, Sequence Length: 512
Model Parameters: 6.647 B, Latency: 3.10s, TFLOPs: 3.32, Samples/sec: 0.32, Time/seq 3.10s, Batch Size: 1, Sequence Length: 512
Model Parameters: 6.647 B, Latency: 3.13s, TFLOPs: 3.28, Samples/sec: 0.32, Time/seq 3.13s, Batch Size: 1, Sequence Length: 512
Model Parameters: 6.647 B, Latency: 3.09s, TFLOPs: 3.33, Samples/sec: 0.32, Time/seq 3.09s, Batch Size: 1, Sequence Length: 512
Model Parameters: 6.647 B, Latency: 3.12s, TFLOPs: 3.30, Samples/sec: 0.32, Time/seq 3.12s, Batch Size: 1, Sequence Length: 512
Model Parameters: 6.647 B, Latency: 3.10s, TFLOPs: 3.32, Samples/sec: 0.32, Time/seq 3.10s, Batch Size: 1, Sequence Length: 512
Model Parameters: 6.647 B, Latency: 3.14s, TFLOPs: 3.27, Samples/sec: 0.32, Time/seq 3.14s, Batch Size: 1, Sequence Length: 512
Model Parameters: 6.647 B, Latency: 3.09s, TFLOPs: 3.33, Samples/sec: 0.32, Time/seq 3.09s, Batch Size: 1, Sequence Length: 512
Model Parameters: 6.647 B, Latency: 3.10s, TFLOPs: 3.31, Samples/sec: 0.32, Time/seq 3.10s, Batch Size: 1, Sequence Length: 512
Model Parameters: 6.647 B, Latency: 3.11s, TFLOPs: 3.31, Samples/sec: 0.32, Time/seq 3.11s, Batch Size: 1, Sequence Length: 512
Model Parameters: 6.647 B, Latency: 3.14s, TFLOPs: 3.27, Samples/sec: 0.32, Time/seq 3.14s, Batch Size: 1, Sequence Length: 512
Model Parameters: 6.647 B, Latency: 3.13s, TFLOPs: 3.29, Samples/sec: 0.32, Time/seq 3.13s, Batch Size: 1, Sequence Length: 512
Model Parameters: 6.647 B, Latency: 3.10s, TFLOPs: 3.31, Samples/sec: 0.32, Time/seq 3.10s, Batch Size: 1, Sequence Length: 512
Model Parameters: 6.647 B, Latency: 3.10s, TFLOPs: 3.31, Samples/sec: 0.32, Time/seq 3.10s, Batch Size: 1, Sequence Length: 512
Model Parameters: 6.647 B, Latency: 3.14s, TFLOPs: 3.27, Samples/sec: 0.32, Time/seq 3.14s, Batch Size: 1, Sequence Length: 512
Model Parameters: 6.647 B, Latency: 3.08s, TFLOPs: 3.33, Samples/sec: 0.32, Time/seq 3.08s, Batch Size: 1, Sequence Length: 512
Model Parameters: 6.647 B, Latency: 3.10s, TFLOPs: 3.32, Samples/sec: 0.32, Time/seq 3.10s, Batch Size: 1, Sequence Length: 512
Model Parameters: 6.647 B, Latency: 3.12s, TFLOPs: 3.30, Samples/sec: 0.32, Time/seq 3.12s, Batch Size: 1, Sequence Length: 512
Model Parameters: 6.647 B, Latency: 3.14s, TFLOPs: 3.28, Samples/sec: 0.32, Time/seq 3.14s, Batch Size: 1, Sequence Length: 512
Model Parameters: 6.647 B, Latency: 3.09s, TFLOPs: 3.33, Samples/sec: 0.32, Time/seq 3.09s, Batch Size: 1, Sequence Length: 512
Model Parameters: 6.647 B, Latency: 3.10s, TFLOPs: 3.31, Samples/sec: 0.32, Time/seq 3.10s, Batch Size: 1, Sequence Length: 512
Model Parameters: 6.647 B, Latency: 3.11s, TFLOPs: 3.31, Samples/sec: 0.32, Time/seq 3.11s, Batch Size: 1, Sequence Length: 512
Model Parameters: 6.647 B, Latency: 3.14s, TFLOPs: 3.27, Samples/sec: 0.32, Time/seq 3.14s, Batch Size: 1, Sequence Length: 512
Model Parameters: 6.647 B, Latency: 3.09s, TFLOPs: 3.32, Samples/sec: 0.32, Time/seq 3.09s, Batch Size: 1, Sequence Length: 512
Model Parameters: 6.647 B, Latency: 3.10s, TFLOPs: 3.31, Samples/sec: 0.32, Time/seq 3.10s, Batch Size: 1, Sequence Length: 512
Model Parameters: 6.647 B, Latency: 3.10s, TFLOPs: 3.31, Samples/sec: 0.32, Time/seq 3.10s, Batch Size: 1, Sequence Length: 512
Model Parameters: 6.647 B, Latency: 3.14s, TFLOPs: 3.27, Samples/sec: 0.32, Time/seq 3.14s, Batch Size: 1, Sequence Length: 512
Model Parameters: 6.647 B, Latency: 3.09s, TFLOPs: 3.33, Samples/sec: 0.32, Time/seq 3.09s, Batch Size: 1, Sequence Length: 512
Model Parameters: 6.647 B, Latency: 3.10s, TFLOPs: 3.32, Samples/sec: 0.32, Time/seq 3.10s, Batch Size: 1, Sequence Length: 512
Model Parameters: 6.647 B, Latency: 3.11s, TFLOPs: 3.31, Samples/sec: 0.32, Time/seq 3.11s, Batch Size: 1, Sequence Length: 512
Model Parameters: 6.647 B, Latency: 3.14s, TFLOPs: 3.27, Samples/sec: 0.32, Time/seq 3.14s, Batch Size: 1, Sequence Length: 512
Model Parameters: 6.647 B, Latency: 3.09s, TFLOPs: 3.32, Samples/sec: 0.32, Time/seq 3.09s, Batch Size: 1, Sequence Length: 512
Model Parameters: 6.647 B, Latency: 3.11s, TFLOPs: 3.30, Samples/sec: 0.32, Time/seq 3.11s, Batch Size: 1, Sequence Length: 512
Model Parameters: 6.647 B, Latency: 3.10s, TFLOPs: 3.31, Samples/sec: 0.32, Time/seq 3.10s, Batch Size: 1, Sequence Length: 512
Model Parameters: 6.647 B, Latency: 3.14s, TFLOPs: 3.27, Samples/sec: 0.32, Time/seq 3.14s, Batch Size: 1, Sequence Length: 512
Model Parameters: 6.647 B, Latency: 3.12s, TFLOPs: 3.29, Samples/sec: 0.32, Time/seq 3.12s, Batch Size: 1, Sequence Length: 512
Model Parameters: 6.647 B, Latency: 3.11s, TFLOPs: 3.30, Samples/sec: 0.32, Time/seq 3.11s, Batch Size: 1, Sequence Length: 512
Model Parameters: 6.647 B, Latency: 3.11s, TFLOPs: 3.31, Samples/sec: 0.32, Time/seq 3.11s, Batch Size: 1, Sequence Length: 512
Model Parameters: 6.647 B, Latency: 3.14s, TFLOPs: 3.27, Samples/sec: 0.32, Time/seq 3.14s, Batch Size: 1, Sequence Length: 512
Model Parameters: 6.647 B, Latency: 3.10s, TFLOPs: 3.32, Samples/sec: 0.32, Time/seq 3.10s, Batch Size: 1, Sequence Length: 512
Model Parameters: 6.647 B, Latency: 3.11s, TFLOPs: 3.30, Samples/sec: 0.32, Time/seq 3.11s, Batch Size: 1, Sequence Length: 512
Model Parameters: 6.647 B, Latency: 3.10s, TFLOPs: 3.31, Samples/sec: 0.32, Time/seq 3.10s, Batch Size: 1, Sequence Length: 512
Model Parameters: 6.647 B, Latency: 3.15s, TFLOPs: 3.26, Samples/sec: 0.32, Time/seq 3.15s, Batch Size: 1, Sequence Length: 512
Model Parameters: 6.647 B, Latency: 3.10s, TFLOPs: 3.32, Samples/sec: 0.32, Time/seq 3.10s, Batch Size: 1, Sequence Length: 512
Model Parameters: 6.647 B, Latency: 3.11s, TFLOPs: 3.30, Samples/sec: 0.32, Time/seq 3.11s, Batch Size: 1, Sequence Length: 512
Model Parameters: 6.647 B, Latency: 3.11s, TFLOPs: 3.31, Samples/sec: 0.32, Time/seq 3.11s, Batch Size: 1, Sequence Length: 512
Model Parameters: 6.647 B, Latency: 3.14s, TFLOPs: 3.27, Samples/sec: 0.32, Time/seq 3.14s, Batch Size: 1, Sequence Length: 512
Model Parameters: 6.647 B, Latency: 3.13s, TFLOPs: 3.29, Samples/sec: 0.32, Time/seq 3.13s, Batch Size: 1, Sequence Length: 512
Model Parameters: 6.647 B, Latency: 3.11s, TFLOPs: 3.31, Samples/sec: 0.32, Time/seq 3.11s, Batch Size: 1, Sequence Length: 512
Model Parameters: 6.647 B, Latency: 3.11s, TFLOPs: 3.31, Samples/sec: 0.32, Time/seq 3.11s, Batch Size: 1, Sequence Length: 512
Model Parameters: 6.647 B, Latency: 3.15s, TFLOPs: 3.26, Samples/sec: 0.32, Time/seq 3.15s, Batch Size: 1, Sequence Length: 512
Model Parameters: 6.647 B, Latency: 3.09s, TFLOPs: 3.33, Samples/sec: 0.32, Time/seq 3.09s, Batch Size: 1, Sequence Length: 512
Model Parameters: 6.647 B, Latency: 3.11s, TFLOPs: 3.30, Samples/sec: 0.32, Time/seq 3.11s, Batch Size: 1, Sequence Length: 512
Model Parameters: 6.647 B, Latency: 3.11s, TFLOPs: 3.31, Samples/sec: 0.32, Time/seq 3.11s, Batch Size: 1, Sequence Length: 512
Model Parameters: 6.647 B, Latency: 3.15s, TFLOPs: 3.27, Samples/sec: 0.32, Time/seq 3.15s, Batch Size: 1, Sequence Length: 512
Model Parameters: 6.647 B, Latency: 3.09s, TFLOPs: 3.33, Samples/sec: 0.32, Time/seq 3.09s, Batch Size: 1, Sequence Length: 512
Model Parameters: 6.647 B, Latency: 3.11s, TFLOPs: 3.31, Samples/sec: 0.32, Time/seq 3.11s, Batch Size: 1, Sequence Length: 512
Model Parameters: 6.647 B, Latency: 3.11s, TFLOPs: 3.31, Samples/sec: 0.32, Time/seq 3.11s, Batch Size: 1, Sequence Length: 512
Model Parameters: 6.647 B, Latency: 3.14s, TFLOPs: 3.27, Samples/sec: 0.32, Time/seq 3.14s, Batch Size: 1, Sequence Length: 512
Model Parameters: 6.647 B, Latency: 3.09s, TFLOPs: 3.32, Samples/sec: 0.32, Time/seq 3.09s, Batch Size: 1, Sequence Length: 512
Model Parameters: 6.647 B, Latency: 3.11s, TFLOPs: 3.31, Samples/sec: 0.32, Time/seq 3.11s, Batch Size: 1, Sequence Length: 512
Model Parameters: 6.647 B, Latency: 3.10s, TFLOPs: 3.32, Samples/sec: 0.32, Time/seq 3.10s, Batch Size: 1, Sequence Length: 512
Model Parameters: 6.647 B, Latency: 3.15s, TFLOPs: 3.27, Samples/sec: 0.32, Time/seq 3.15s, Batch Size: 1, Sequence Length: 512
Model Parameters: 6.647 B, Latency: 3.09s, TFLOPs: 3.33, Samples/sec: 0.32, Time/seq 3.09s, Batch Size: 1, Sequence Length: 512
Model Parameters: 6.647 B, Latency: 3.10s, TFLOPs: 3.31, Samples/sec: 0.32, Time/seq 3.10s, Batch Size: 1, Sequence Length: 512
Model Parameters: 6.647 B, Latency: 3.11s, TFLOPs: 3.31, Samples/sec: 0.32, Time/seq 3.11s, Batch Size: 1, Sequence Length: 512
Model Parameters: 6.647 B, Latency: 3.15s, TFLOPs: 3.26, Samples/sec: 0.32, Time/seq 3.15s, Batch Size: 1, Sequence Length: 512
Model Parameters: 6.647 B, Latency: 3.09s, TFLOPs: 3.33, Samples/sec: 0.32, Time/seq 3.09s, Batch Size: 1, Sequence Length: 512
Model Parameters: 6.647 B, Latency: 3.11s, TFLOPs: 3.31, Samples/sec: 0.32, Time/seq 3.11s, Batch Size: 1, Sequence Length: 512
Model Parameters: 6.647 B, Latency: 3.11s, TFLOPs: 3.30, Samples/sec: 0.32, Time/seq 3.11s, Batch Size: 1, Sequence Length: 512
Model Parameters: 6.647 B, Latency: 3.15s, TFLOPs: 3.27, Samples/sec: 0.32, Time/seq 3.15s, Batch Size: 1, Sequence Length: 512
Model Parameters: 6.647 B, Latency: 3.09s, TFLOPs: 3.33, Samples/sec: 0.32, Time/seq 3.09s, Batch Size: 1, Sequence Length: 512
Model Parameters: 6.647 B, Latency: 3.11s, TFLOPs: 3.31, Samples/sec: 0.32, Time/seq 3.11s, Batch Size: 1, Sequence Length: 512
Model Parameters: 6.647 B, Latency: 3.10s, TFLOPs: 3.32, Samples/sec: 0.32, Time/seq 3.10s, Batch Size: 1, Sequence Length: 512
Model Parameters: 6.647 B, Latency: 3.14s, TFLOPs: 3.27, Samples/sec: 0.32, Time/seq 3.14s, Batch Size: 1, Sequence Length: 512
Model Parameters: 6.647 B, Latency: 3.09s, TFLOPs: 3.33, Samples/sec: 0.32, Time/seq 3.09s, Batch Size: 1, Sequence Length: 512
Model Parameters: 6.647 B, Latency: 3.11s, TFLOPs: 3.31, Samples/sec: 0.32, Time/seq 3.11s, Batch Size: 1, Sequence Length: 512
Model Parameters: 6.647 B, Latency: 3.10s, TFLOPs: 3.32, Samples/sec: 0.32, Time/seq 3.10s, Batch Size: 1, Sequence Length: 512
Model Parameters: 6.647 B, Latency: 3.14s, TFLOPs: 3.27, Samples/sec: 0.32, Time/seq 3.14s, Batch Size: 1, Sequence Length: 512
Model Parameters: 6.647 B, Latency: 3.10s, TFLOPs: 3.32, Samples/sec: 0.32, Time/seq 3.10s, Batch Size: 1, Sequence Length: 512
Model Parameters: 6.647 B, Latency: 3.10s, TFLOPs: 3.31, Samples/sec: 0.32, Time/seq 3.10s, Batch Size: 1, Sequence Length: 512
Model Parameters: 6.647 B, Latency: 3.11s, TFLOPs: 3.30, Samples/sec: 0.32, Time/seq 3.11s, Batch Size: 1, Sequence Length: 512
Model Parameters: 6.647 B, Latency: 3.14s, TFLOPs: 3.28, Samples/sec: 0.32, Time/seq 3.14s, Batch Size: 1, Sequence Length: 512
Model Parameters: 6.647 B, Latency: 3.09s, TFLOPs: 3.32, Samples/sec: 0.32, Time/seq 3.09s, Batch Size: 1, Sequence Length: 512
Model Parameters: 6.647 B, Latency: 3.10s, TFLOPs: 3.32, Samples/sec: 0.32, Time/seq 3.10s, Batch Size: 1, Sequence Length: 512
Model Parameters: 6.647 B, Latency: 3.11s, TFLOPs: 3.30, Samples/sec: 0.32, Time/seq 3.11s, Batch Size: 1, Sequence Length: 512
Model Parameters: 6.647 B, Latency: 3.14s, TFLOPs: 3.27, Samples/sec: 0.32, Time/seq 3.14s, Batch Size: 1, Sequence Length: 512
Model Parameters: 6.647 B, Latency: 3.09s, TFLOPs: 3.33, Samples/sec: 0.32, Time/seq 3.09s, Batch Size: 1, Sequence Length: 512
Model Parameters: 6.647 B, Latency: 3.10s, TFLOPs: 3.31, Samples/sec: 0.32, Time/seq 3.10s, Batch Size: 1, Sequence Length: 512
Model Parameters: 6.647 B, Latency: 3.11s, TFLOPs: 3.31, Samples/sec: 0.32, Time/seq 3.11s, Batch Size: 1, Sequence Length: 512
Model Parameters: 6.647 B, Latency: 3.14s, TFLOPs: 3.28, Samples/sec: 0.32, Time/seq 3.14s, Batch Size: 1, Sequence Length: 512
Model Parameters: 6.647 B, Latency: 3.09s, TFLOPs: 3.32, Samples/sec: 0.32, Time/seq 3.09s, Batch Size: 1, Sequence Length: 512
Model Parameters: 6.647 B, Latency: 3.11s, TFLOPs: 3.31, Samples/sec: 0.32, Time/seq 3.11s, Batch Size: 1, Sequence Length: 512
Model Parameters: 6.647 B, Latency: 3.11s, TFLOPs: 3.30, Samples/sec: 0.32, Time/seq 3.11s, Batch Size: 1, Sequence Length: 512
Model Parameters: 6.647 B, Latency: 3.14s, TFLOPs: 3.27, Samples/sec: 0.32, Time/seq 3.14s, Batch Size: 1, Sequence Length: 512
Model Parameters: 6.647 B, Latency: 3.12s, TFLOPs: 3.29, Samples/sec: 0.32, Time/seq 3.12s, Batch Size: 1, Sequence Length: 512
Model Parameters: 6.647 B, Latency: 3.11s, TFLOPs: 3.31, Samples/sec: 0.32, Time/seq 3.11s, Batch Size: 1, Sequence Length: 512
Model Parameters: 6.647 B, Latency: 3.10s, TFLOPs: 3.31, Samples/sec: 0.32, Time/seq 3.10s, Batch Size: 1, Sequence Length: 512
Model Parameters: 6.647 B, Latency: 3.14s, TFLOPs: 3.27, Samples/sec: 0.32, Time/seq 3.14s, Batch Size: 1, Sequence Length: 512
Model Parameters: 6.647 B, Latency: 3.09s, TFLOPs: 3.33, Samples/sec: 0.32, Time/seq 3.09s, Batch Size: 1, Sequence Length: 512
Model Parameters: 6.647 B, Latency: 3.11s, TFLOPs: 3.31, Samples/sec: 0.32, Time/seq 3.11s, Batch Size: 1, Sequence Length: 512
Model Parameters: 6.647 B, Latency: 3.11s, TFLOPs: 3.30, Samples/sec: 0.32, Time/seq 3.11s, Batch Size: 1, Sequence Length: 512
Model Parameters: 6.647 B, Latency: 3.14s, TFLOPs: 3.27, Samples/sec: 0.32, Time/seq 3.14s, Batch Size: 1, Sequence Length: 512
Model Parameters: 6.647 B, Latency: 3.09s, TFLOPs: 3.32, Samples/sec: 0.32, Time/seq 3.09s, Batch Size: 1, Sequence Length: 512
Model Parameters: 6.647 B, Latency: 3.10s, TFLOPs: 3.31, Samples/sec: 0.32, Time/seq 3.10s, Batch Size: 1, Sequence Length: 512
Model Parameters: 6.647 B, Latency: 3.11s, TFLOPs: 3.31, Samples/sec: 0.32, Time/seq 3.11s, Batch Size: 1, Sequence Length: 512
Model Parameters: 6.647 B, Latency: 3.14s, TFLOPs: 3.27, Samples/sec: 0.32, Time/seq 3.14s, Batch Size: 1, Sequence Length: 512
Model Parameters: 6.647 B, Latency: 3.13s, TFLOPs: 3.29, Samples/sec: 0.32, Time/seq 3.13s, Batch Size: 1, Sequence Length: 512
Model Parameters: 6.647 B, Latency: 3.11s, TFLOPs: 3.30, Samples/sec: 0.32, Time/seq 3.11s, Batch Size: 1, Sequence Length: 512
Model Parameters: 6.647 B, Latency: 3.10s, TFLOPs: 3.32, Samples/sec: 0.32, Time/seq 3.10s, Batch Size: 1, Sequence Length: 512
Model Parameters: 6.647 B, Latency: 3.14s, TFLOPs: 3.27, Samples/sec: 0.32, Time/seq 3.14s, Batch Size: 1, Sequence Length: 512
Model Parameters: 6.647 B, Latency: 3.09s, TFLOPs: 3.33, Samples/sec: 0.32, Time/seq 3.09s, Batch Size: 1, Sequence Length: 512
Model Parameters: 6.647 B, Latency: 3.11s, TFLOPs: 3.31, Samples/sec: 0.32, Time/seq 3.11s, Batch Size: 1, Sequence Length: 512
Model Parameters: 6.647 B, Latency: 3.10s, TFLOPs: 3.31, Samples/sec: 0.32, Time/seq 3.10s, Batch Size: 1, Sequence Length: 512
Model Parameters: 6.647 B, Latency: 3.14s, TFLOPs: 3.27, Samples/sec: 0.32, Time/seq 3.14s, Batch Size: 1, Sequence Length: 512
Model Parameters: 6.647 B, Latency: 3.10s, TFLOPs: 3.32, Samples/sec: 0.32, Time/seq 3.10s, Batch Size: 1, Sequence Length: 512
Model Parameters: 6.647 B, Latency: 3.10s, TFLOPs: 3.31, Samples/sec: 0.32, Time/seq 3.10s, Batch Size: 1, Sequence Length: 512
Model Parameters: 6.647 B, Latency: 3.10s, TFLOPs: 3.31, Samples/sec: 0.32, Time/seq 3.10s, Batch Size: 1, Sequence Length: 512
Model Parameters: 6.647 B, Latency: 3.14s, TFLOPs: 3.27, Samples/sec: 0.32, Time/seq 3.14s, Batch Size: 1, Sequence Length: 512
Model Parameters: 6.647 B, Latency: 3.09s, TFLOPs: 3.33, Samples/sec: 0.32, Time/seq 3.09s, Batch Size: 1, Sequence Length: 512
Model Parameters: 6.647 B, Latency: 3.10s, TFLOPs: 3.31, Samples/sec: 0.32, Time/seq 3.10s, Batch Size: 1, Sequence Length: 512
Model Parameters: 6.647 B, Latency: 3.11s, TFLOPs: 3.31, Samples/sec: 0.32, Time/seq 3.11s, Batch Size: 1, Sequence Length: 512
Model Parameters: 6.647 B, Latency: 3.13s, TFLOPs: 3.28, Samples/sec: 0.32, Time/seq 3.13s, Batch Size: 1, Sequence Length: 512
Model Parameters: 6.647 B, Latency: 3.09s, TFLOPs: 3.33, Samples/sec: 0.32, Time/seq 3.09s, Batch Size: 1, Sequence Length: 512
Model Parameters: 6.647 B, Latency: 3.10s, TFLOPs: 3.31, Samples/sec: 0.32, Time/seq 3.10s, Batch Size: 1, Sequence Length: 512
Model Parameters: 6.647 B, Latency: 3.10s, TFLOPs: 3.32, Samples/sec: 0.32, Time/seq 3.10s, Batch Size: 1, Sequence Length: 512
Model Parameters: 6.647 B, Latency: 3.14s, TFLOPs: 3.28, Samples/sec: 0.32, Time/seq 3.14s, Batch Size: 1, Sequence Length: 512
Model Parameters: 6.647 B, Latency: 3.09s, TFLOPs: 3.33, Samples/sec: 0.32, Time/seq 3.09s, Batch Size: 1, Sequence Length: 512
Model Parameters: 6.647 B, Latency: 3.10s, TFLOPs: 3.31, Samples/sec: 0.32, Time/seq 3.10s, Batch Size: 1, Sequence Length: 512
Model Parameters: 6.647 B, Latency: 3.11s, TFLOPs: 3.31, Samples/sec: 0.32, Time/seq 3.11s, Batch Size: 1, Sequence Length: 512
Model Parameters: 6.647 B, Latency: 3.14s, TFLOPs: 3.28, Samples/sec: 0.32, Time/seq 3.14s, Batch Size: 1, Sequence Length: 512
Model Parameters: 6.647 B, Latency: 3.10s, TFLOPs: 3.31, Samples/sec: 0.32, Time/seq 3.10s, Batch Size: 1, Sequence Length: 512
Model Parameters: 6.647 B, Latency: 3.11s, TFLOPs: 3.31, Samples/sec: 0.32, Time/seq 3.11s, Batch Size: 1, Sequence Length: 512
Model Parameters: 6.647 B, Latency: 3.10s, TFLOPs: 3.31, Samples/sec: 0.32, Time/seq 3.10s, Batch Size: 1, Sequence Length: 512
Model Parameters: 6.647 B, Latency: 3.16s, TFLOPs: 3.25, Samples/sec: 0.32, Time/seq 3.16s, Batch Size: 1, Sequence Length: 512
Model Parameters: 6.647 B, Latency: 3.13s, TFLOPs: 3.29, Samples/sec: 0.32, Time/seq 3.13s, Batch Size: 1, Sequence Length: 512
Model Parameters: 6.647 B, Latency: 3.11s, TFLOPs: 3.31, Samples/sec: 0.32, Time/seq 3.11s, Batch Size: 1, Sequence Length: 512
Model Parameters: 6.647 B, Latency: 3.10s, TFLOPs: 3.31, Samples/sec: 0.32, Time/seq 3.10s, Batch Size: 1, Sequence Length: 512
Model Parameters: 6.647 B, Latency: 3.14s, TFLOPs: 3.27, Samples/sec: 0.32, Time/seq 3.14s, Batch Size: 1, Sequence Length: 512
Model Parameters: 6.647 B, Latency: 3.09s, TFLOPs: 3.32, Samples/sec: 0.32, Time/seq 3.09s, Batch Size: 1, Sequence Length: 512
Model Parameters: 6.647 B, Latency: 3.10s, TFLOPs: 3.31, Samples/sec: 0.32, Time/seq 3.10s, Batch Size: 1, Sequence Length: 512
Model Parameters: 6.647 B, Latency: 3.10s, TFLOPs: 3.31, Samples/sec: 0.32, Time/seq 3.10s, Batch Size: 1, Sequence Length: 512
Model Parameters: 6.647 B, Latency: 3.14s, TFLOPs: 3.28, Samples/sec: 0.32, Time/seq 3.14s, Batch Size: 1, Sequence Length: 512
Model Parameters: 6.647 B, Latency: 3.13s, TFLOPs: 3.28, Samples/sec: 0.32, Time/seq 3.13s, Batch Size: 1, Sequence Length: 512
Model Parameters: 6.647 B, Latency: 3.11s, TFLOPs: 3.31, Samples/sec: 0.32, Time/seq 3.11s, Batch Size: 1, Sequence Length: 512
Model Parameters: 6.647 B, Latency: 3.10s, TFLOPs: 3.31, Samples/sec: 0.32, Time/seq 3.10s, Batch Size: 1, Sequence Length: 512
Model Parameters: 6.647 B, Latency: 3.15s, TFLOPs: 3.27, Samples/sec: 0.32, Time/seq 3.15s, Batch Size: 1, Sequence Length: 512
Model Parameters: 6.647 B, Latency: 3.09s, TFLOPs: 3.33, Samples/sec: 0.32, Time/seq 3.09s, Batch Size: 1, Sequence Length: 512
Model Parameters: 6.647 B, Latency: 3.10s, TFLOPs: 3.31, Samples/sec: 0.32, Time/seq 3.10s, Batch Size: 1, Sequence Length: 512
Model Parameters: 6.647 B, Latency: 3.11s, TFLOPs: 3.31, Samples/sec: 0.32, Time/seq 3.11s, Batch Size: 1, Sequence Length: 512
Model Parameters: 6.647 B, Latency: 3.15s, TFLOPs: 3.26, Samples/sec: 0.32, Time/seq 3.15s, Batch Size: 1, Sequence Length: 512
Model Parameters: 6.647 B, Latency: 3.09s, TFLOPs: 3.32, Samples/sec: 0.32, Time/seq 3.09s, Batch Size: 1, Sequence Length: 512
Model Parameters: 6.647 B, Latency: 3.11s, TFLOPs: 3.31, Samples/sec: 0.32, Time/seq 3.11s, Batch Size: 1, Sequence Length: 512
Model Parameters: 6.647 B, Latency: 3.10s, TFLOPs: 3.31, Samples/sec: 0.32, Time/seq 3.10s, Batch Size: 1, Sequence Length: 512
Model Parameters: 6.647 B, Latency: 3.15s, TFLOPs: 3.26, Samples/sec: 0.32, Time/seq 3.15s, Batch Size: 1, Sequence Length: 512
Model Parameters: 6.647 B, Latency: 3.09s, TFLOPs: 3.32, Samples/sec: 0.32, Time/seq 3.09s, Batch Size: 1, Sequence Length: 512
Model Parameters: 6.647 B, Latency: 3.11s, TFLOPs: 3.30, Samples/sec: 0.32, Time/seq 3.11s, Batch Size: 1, Sequence Length: 512
Model Parameters: 6.647 B, Latency: 3.11s, TFLOPs: 3.31, Samples/sec: 0.32, Time/seq 3.11s, Batch Size: 1, Sequence Length: 512
Model Parameters: 6.647 B, Latency: 3.14s, TFLOPs: 3.27, Samples/sec: 0.32, Time/seq 3.14s, Batch Size: 1, Sequence Length: 512
Model Parameters: 6.647 B, Latency: 3.09s, TFLOPs: 3.33, Samples/sec: 0.32, Time/seq 3.09s, Batch Size: 1, Sequence Length: 512
Model Parameters: 6.647 B, Latency: 3.11s, TFLOPs: 3.30, Samples/sec: 0.32, Time/seq 3.11s, Batch Size: 1, Sequence Length: 512
Model Parameters: 6.647 B, Latency: 3.10s, TFLOPs: 3.32, Samples/sec: 0.32, Time/seq 3.10s, Batch Size: 1, Sequence Length: 512
Model Parameters: 6.647 B, Latency: 3.14s, TFLOPs: 3.27, Samples/sec: 0.32, Time/seq 3.14s, Batch Size: 1, Sequence Length: 512
Model Parameters: 6.647 B, Latency: 3.09s, TFLOPs: 3.33, Samples/sec: 0.32, Time/seq 3.09s, Batch Size: 1, Sequence Length: 512
Model Parameters: 6.647 B, Latency: 3.11s, TFLOPs: 3.31, Samples/sec: 0.32, Time/seq 3.11s, Batch Size: 1, Sequence Length: 512
Model Parameters: 6.647 B, Latency: 3.10s, TFLOPs: 3.31, Samples/sec: 0.32, Time/seq 3.10s, Batch Size: 1, Sequence Length: 512
Model Parameters: 6.647 B, Latency: 3.14s, TFLOPs: 3.27, Samples/sec: 0.32, Time/seq 3.14s, Batch Size: 1, Sequence Length: 512
Model Parameters: 6.647 B, Latency: 3.09s, TFLOPs: 3.33, Samples/sec: 0.32, Time/seq 3.09s, Batch Size: 1, Sequence Length: 512
Model Parameters: 6.647 B, Latency: 3.26s, TFLOPs: 3.16, Samples/sec: 0.31, Time/seq 3.26s, Batch Size: 1, Sequence Length: 512
Model Parameters: 6.647 B, Latency: 3.34s, TFLOPs: 3.08, Samples/sec: 0.30, Time/seq 3.34s, Batch Size: 1, Sequence Length: 512
Model Parameters: 6.647 B, Latency: 3.14s, TFLOPs: 3.27, Samples/sec: 0.32, Time/seq 3.14s, Batch Size: 1, Sequence Length: 512
Model Parameters: 6.647 B, Latency: 3.13s, TFLOPs: 3.29, Samples/sec: 0.32, Time/seq 3.13s, Batch Size: 1, Sequence Length: 512
Model Parameters: 6.647 B, Latency: 3.10s, TFLOPs: 3.32, Samples/sec: 0.32, Time/seq 3.10s, Batch Size: 1, Sequence Length: 512
Model Parameters: 6.647 B, Latency: 3.11s, TFLOPs: 3.31, Samples/sec: 0.32, Time/seq 3.11s, Batch Size: 1, Sequence Length: 512
Model Parameters: 6.647 B, Latency: 3.15s, TFLOPs: 3.27, Samples/sec: 0.32, Time/seq 3.15s, Batch Size: 1, Sequence Length: 512
Model Parameters: 6.647 B, Latency: 3.09s, TFLOPs: 3.32, Samples/sec: 0.32, Time/seq 3.09s, Batch Size: 1, Sequence Length: 512
Model Parameters: 6.647 B, Latency: 3.11s, TFLOPs: 3.30, Samples/sec: 0.32, Time/seq 3.11s, Batch Size: 1, Sequence Length: 512
Model Parameters: 6.647 B, Latency: 3.11s, TFLOPs: 3.31, Samples/sec: 0.32, Time/seq 3.11s, Batch Size: 1, Sequence Length: 512
Model Parameters: 6.647 B, Latency: 3.15s, TFLOPs: 3.27, Samples/sec: 0.32, Time/seq 3.15s, Batch Size: 1, Sequence Length: 512
Model Parameters: 6.647 B, Latency: 3.10s, TFLOPs: 3.32, Samples/sec: 0.32, Time/seq 3.10s, Batch Size: 1, Sequence Length: 512
Model Parameters: 6.647 B, Latency: 3.10s, TFLOPs: 3.32, Samples/sec: 0.32, Time/seq 3.10s, Batch Size: 1, Sequence Length: 512
Model Parameters: 6.647 B, Latency: 3.11s, TFLOPs: 3.31, Samples/sec: 0.32, Time/seq 3.11s, Batch Size: 1, Sequence Length: 512
Model Parameters: 6.647 B, Latency: 3.15s, TFLOPs: 3.27, Samples/sec: 0.32, Time/seq 3.15s, Batch Size: 1, Sequence Length: 512
Model Parameters: 6.647 B, Latency: 3.10s, TFLOPs: 3.32, Samples/sec: 0.32, Time/seq 3.10s, Batch Size: 1, Sequence Length: 512
Model Parameters: 6.647 B, Latency: 3.10s, TFLOPs: 3.31, Samples/sec: 0.32, Time/seq 3.10s, Batch Size: 1, Sequence Length: 512
Model Parameters: 6.647 B, Latency: 3.11s, TFLOPs: 3.31, Samples/sec: 0.32, Time/seq 3.11s, Batch Size: 1, Sequence Length: 512
Model Parameters: 6.647 B, Latency: 3.14s, TFLOPs: 3.27, Samples/sec: 0.32, Time/seq 3.14s, Batch Size: 1, Sequence Length: 512
Model Parameters: 6.647 B, Latency: 3.09s, TFLOPs: 3.33, Samples/sec: 0.32, Time/seq 3.09s, Batch Size: 1, Sequence Length: 512
Model Parameters: 6.647 B, Latency: 3.10s, TFLOPs: 3.32, Samples/sec: 0.32, Time/seq 3.10s, Batch Size: 1, Sequence Length: 512
Model Parameters: 6.647 B, Latency: 3.10s, TFLOPs: 3.31, Samples/sec: 0.32, Time/seq 3.10s, Batch Size: 1, Sequence Length: 512
Model Parameters: 6.647 B, Latency: 3.15s, TFLOPs: 3.26, Samples/sec: 0.32, Time/seq 3.15s, Batch Size: 1, Sequence Length: 512
Model Parameters: 6.647 B, Latency: 3.09s, TFLOPs: 3.33, Samples/sec: 0.32, Time/seq 3.09s, Batch Size: 1, Sequence Length: 512
Model Parameters: 6.647 B, Latency: 3.11s, TFLOPs: 3.31, Samples/sec: 0.32, Time/seq 3.11s, Batch Size: 1, Sequence Length: 512
Model Parameters: 6.647 B, Latency: 3.11s, TFLOPs: 3.31, Samples/sec: 0.32, Time/seq 3.11s, Batch Size: 1, Sequence Length: 512
Model Parameters: 6.647 B, Latency: 3.14s, TFLOPs: 3.27, Samples/sec: 0.32, Time/seq 3.14s, Batch Size: 1, Sequence Length: 512
Model Parameters: 6.647 B, Latency: 3.09s, TFLOPs: 3.33, Samples/sec: 0.32, Time/seq 3.09s, Batch Size: 1, Sequence Length: 512
Model Parameters: 6.647 B, Latency: 3.10s, TFLOPs: 3.31, Samples/sec: 0.32, Time/seq 3.10s, Batch Size: 1, Sequence Length: 512
Model Parameters: 6.647 B, Latency: 3.10s, TFLOPs: 3.31, Samples/sec: 0.32, Time/seq 3.10s, Batch Size: 1, Sequence Length: 512
Model Parameters: 6.647 B, Latency: 3.14s, TFLOPs: 3.27, Samples/sec: 0.32, Time/seq 3.14s, Batch Size: 1, Sequence Length: 512
Model Parameters: 6.647 B, Latency: 3.09s, TFLOPs: 3.33, Samples/sec: 0.32, Time/seq 3.09s, Batch Size: 1, Sequence Length: 512
Model Parameters: 6.647 B, Latency: 3.11s, TFLOPs: 3.31, Samples/sec: 0.32, Time/seq 3.11s, Batch Size: 1, Sequence Length: 512
Model Parameters: 6.647 B, Latency: 3.10s, TFLOPs: 3.31, Samples/sec: 0.32, Time/seq 3.10s, Batch Size: 1, Sequence Length: 512
Model Parameters: 6.647 B, Latency: 3.15s, TFLOPs: 3.27, Samples/sec: 0.32, Time/seq 3.15s, Batch Size: 1, Sequence Length: 512
Model Parameters: 6.647 B, Latency: 3.09s, TFLOPs: 3.33, Samples/sec: 0.32, Time/seq 3.09s, Batch Size: 1, Sequence Length: 512
Model Parameters: 6.647 B, Latency: 3.11s, TFLOPs: 3.30, Samples/sec: 0.32, Time/seq 3.11s, Batch Size: 1, Sequence Length: 512
Model Parameters: 6.647 B, Latency: 3.11s, TFLOPs: 3.31, Samples/sec: 0.32, Time/seq 3.11s, Batch Size: 1, Sequence Length: 512
Model Parameters: 6.647 B, Latency: 3.14s, TFLOPs: 3.27, Samples/sec: 0.32, Time/seq 3.14s, Batch Size: 1, Sequence Length: 512
Model Parameters: 6.647 B, Latency: 3.09s, TFLOPs: 3.32, Samples/sec: 0.32, Time/seq 3.09s, Batch Size: 1, Sequence Length: 512
Model Parameters: 6.647 B, Latency: 3.11s, TFLOPs: 3.31, Samples/sec: 0.32, Time/seq 3.11s, Batch Size: 1, Sequence Length: 512
Model Parameters: 6.647 B, Latency: 3.11s, TFLOPs: 3.31, Samples/sec: 0.32, Time/seq 3.11s, Batch Size: 1, Sequence Length: 512
Model Parameters: 6.647 B, Latency: 3.14s, TFLOPs: 3.28, Samples/sec: 0.32, Time/seq 3.14s, Batch Size: 1, Sequence Length: 512
Model Parameters: 6.647 B, Latency: 3.09s, TFLOPs: 3.33, Samples/sec: 0.32, Time/seq 3.09s, Batch Size: 1, Sequence Length: 512
Model Parameters: 6.647 B, Latency: 3.10s, TFLOPs: 3.31, Samples/sec: 0.32, Time/seq 3.10s, Batch Size: 1, Sequence Length: 512
Model Parameters: 6.647 B, Latency: 3.10s, TFLOPs: 3.31, Samples/sec: 0.32, Time/seq 3.10s, Batch Size: 1, Sequence Length: 512
Model Parameters: 6.647 B, Latency: 3.14s, TFLOPs: 3.28, Samples/sec: 0.32, Time/seq 3.14s, Batch Size: 1, Sequence Length: 512
Model Parameters: 6.647 B, Latency: 3.10s, TFLOPs: 3.32, Samples/sec: 0.32, Time/seq 3.10s, Batch Size: 1, Sequence Length: 512
Model Parameters: 6.647 B, Latency: 3.10s, TFLOPs: 3.32, Samples/sec: 0.32, Time/seq 3.10s, Batch Size: 1, Sequence Length: 512
Model Parameters: 6.647 B, Latency: 3.11s, TFLOPs: 3.30, Samples/sec: 0.32, Time/seq 3.11s, Batch Size: 1, Sequence Length: 512
Model Parameters: 6.647 B, Latency: 3.14s, TFLOPs: 3.28, Samples/sec: 0.32, Time/seq 3.14s, Batch Size: 1, Sequence Length: 512
Model Parameters: 6.647 B, Latency: 3.09s, TFLOPs: 3.33, Samples/sec: 0.32, Time/seq 3.09s, Batch Size: 1, Sequence Length: 512
Model Parameters: 6.647 B, Latency: 3.11s, TFLOPs: 3.30, Samples/sec: 0.32, Time/seq 3.11s, Batch Size: 1, Sequence Length: 512
Model Parameters: 6.647 B, Latency: 3.11s, TFLOPs: 3.31, Samples/sec: 0.32, Time/seq 3.11s, Batch Size: 1, Sequence Length: 512
Model Parameters: 6.647 B, Latency: 3.15s, TFLOPs: 3.27, Samples/sec: 0.32, Time/seq 3.15s, Batch Size: 1, Sequence Length: 512
Model Parameters: 6.647 B, Latency: 3.13s, TFLOPs: 3.28, Samples/sec: 0.32, Time/seq 3.13s, Batch Size: 1, Sequence Length: 512
Model Parameters: 6.647 B, Latency: 3.11s, TFLOPs: 3.31, Samples/sec: 0.32, Time/seq 3.11s, Batch Size: 1, Sequence Length: 512
Model Parameters: 6.647 B, Latency: 3.11s, TFLOPs: 3.31, Samples/sec: 0.32, Time/seq 3.11s, Batch Size: 1, Sequence Length: 512
Model Parameters: 6.647 B, Latency: 3.15s, TFLOPs: 3.27, Samples/sec: 0.32, Time/seq 3.15s, Batch Size: 1, Sequence Length: 512
Model Parameters: 6.647 B, Latency: 3.09s, TFLOPs: 3.32, Samples/sec: 0.32, Time/seq 3.09s, Batch Size: 1, Sequence Length: 512
Model Parameters: 6.647 B, Latency: 3.10s, TFLOPs: 3.31, Samples/sec: 0.32, Time/seq 3.10s, Batch Size: 1, Sequence Length: 512
Model Parameters: 6.647 B, Latency: 3.10s, TFLOPs: 3.31, Samples/sec: 0.32, Time/seq 3.10s, Batch Size: 1, Sequence Length: 512
Model Parameters: 6.647 B, Latency: 3.15s, TFLOPs: 3.27, Samples/sec: 0.32, Time/seq 3.15s, Batch Size: 1, Sequence Length: 512
Model Parameters: 6.647 B, Latency: 3.10s, TFLOPs: 3.32, Samples/sec: 0.32, Time/seq 3.10s, Batch Size: 1, Sequence Length: 512
Model Parameters: 6.647 B, Latency: 3.12s, TFLOPs: 3.30, Samples/sec: 0.32, Time/seq 3.12s, Batch Size: 1, Sequence Length: 512
Model Parameters: 6.647 B, Latency: 3.11s, TFLOPs: 3.31, Samples/sec: 0.32, Time/seq 3.11s, Batch Size: 1, Sequence Length: 512
Model Parameters: 6.647 B, Latency: 3.15s, TFLOPs: 3.27, Samples/sec: 0.32, Time/seq 3.15s, Batch Size: 1, Sequence Length: 512
Model Parameters: 6.647 B, Latency: 3.13s, TFLOPs: 3.29, Samples/sec: 0.32, Time/seq 3.13s, Batch Size: 1, Sequence Length: 512
Model Parameters: 6.647 B, Latency: 3.10s, TFLOPs: 3.32, Samples/sec: 0.32, Time/seq 3.10s, Batch Size: 1, Sequence Length: 512
Model Parameters: 6.647 B, Latency: 3.11s, TFLOPs: 3.30, Samples/sec: 0.32, Time/seq 3.11s, Batch Size: 1, Sequence Length: 512
Model Parameters: 6.647 B, Latency: 3.15s, TFLOPs: 3.26, Samples/sec: 0.32, Time/seq 3.15s, Batch Size: 1, Sequence Length: 512
Model Parameters: 6.647 B, Latency: 3.09s, TFLOPs: 3.33, Samples/sec: 0.32, Time/seq 3.09s, Batch Size: 1, Sequence Length: 512
Model Parameters: 6.647 B, Latency: 3.10s, TFLOPs: 3.31, Samples/sec: 0.32, Time/seq 3.10s, Batch Size: 1, Sequence Length: 512
Model Parameters: 6.647 B, Latency: 3.10s, TFLOPs: 3.31, Samples/sec: 0.32, Time/seq 3.10s, Batch Size: 1, Sequence Length: 512
Model Parameters: 6.647 B, Latency: 3.14s, TFLOPs: 3.28, Samples/sec: 0.32, Time/seq 3.14s, Batch Size: 1, Sequence Length: 512
Model Parameters: 6.647 B, Latency: 3.09s, TFLOPs: 3.33, Samples/sec: 0.32, Time/seq 3.09s, Batch Size: 1, Sequence Length: 512
Model Parameters: 6.647 B, Latency: 3.11s, TFLOPs: 3.31, Samples/sec: 0.32, Time/seq 3.11s, Batch Size: 1, Sequence Length: 512
Model Parameters: 6.647 B, Latency: 3.10s, TFLOPs: 3.32, Samples/sec: 0.32, Time/seq 3.10s, Batch Size: 1, Sequence Length: 512
Model Parameters: 6.647 B, Latency: 3.14s, TFLOPs: 3.28, Samples/sec: 0.32, Time/seq 3.14s, Batch Size: 1, Sequence Length: 512
Model Parameters: 6.647 B, Latency: 3.09s, TFLOPs: 3.32, Samples/sec: 0.32, Time/seq 3.09s, Batch Size: 1, Sequence Length: 512
Model Parameters: 6.647 B, Latency: 3.11s, TFLOPs: 3.31, Samples/sec: 0.32, Time/seq 3.11s, Batch Size: 1, Sequence Length: 512
Model Parameters: 6.647 B, Latency: 3.10s, TFLOPs: 3.31, Samples/sec: 0.32, Time/seq 3.10s, Batch Size: 1, Sequence Length: 512
Model Parameters: 6.647 B, Latency: 3.14s, TFLOPs: 3.27, Samples/sec: 0.32, Time/seq 3.14s, Batch Size: 1, Sequence Length: 512
Model Parameters: 6.647 B, Latency: 3.09s, TFLOPs: 3.33, Samples/sec: 0.32, Time/seq 3.09s, Batch Size: 1, Sequence Length: 512
Model Parameters: 6.647 B, Latency: 3.10s, TFLOPs: 3.32, Samples/sec: 0.32, Time/seq 3.10s, Batch Size: 1, Sequence Length: 512
Model Parameters: 6.647 B, Latency: 3.11s, TFLOPs: 3.31, Samples/sec: 0.32, Time/seq 3.11s, Batch Size: 1, Sequence Length: 512
Model Parameters: 6.647 B, Latency: 3.14s, TFLOPs: 3.28, Samples/sec: 0.32, Time/seq 3.14s, Batch Size: 1, Sequence Length: 512
Model Parameters: 6.647 B, Latency: 3.09s, TFLOPs: 3.33, Samples/sec: 0.32, Time/seq 3.09s, Batch Size: 1, Sequence Length: 512
Model Parameters: 6.647 B, Latency: 3.11s, TFLOPs: 3.31, Samples/sec: 0.32, Time/seq 3.11s, Batch Size: 1, Sequence Length: 512
Model Parameters: 6.647 B, Latency: 3.12s, TFLOPs: 3.30, Samples/sec: 0.32, Time/seq 3.12s, Batch Size: 1, Sequence Length: 512
Model Parameters: 6.647 B, Latency: 3.14s, TFLOPs: 3.27, Samples/sec: 0.32, Time/seq 3.14s, Batch Size: 1, Sequence Length: 512
Model Parameters: 6.647 B, Latency: 3.09s, TFLOPs: 3.33, Samples/sec: 0.32, Time/seq 3.09s, Batch Size: 1, Sequence Length: 512
Model Parameters: 6.647 B, Latency: 3.11s, TFLOPs: 3.30, Samples/sec: 0.32, Time/seq 3.11s, Batch Size: 1, Sequence Length: 512
Model Parameters: 6.647 B, Latency: 3.11s, TFLOPs: 3.30, Samples/sec: 0.32, Time/seq 3.11s, Batch Size: 1, Sequence Length: 512
Model Parameters: 6.647 B, Latency: 3.14s, TFLOPs: 3.27, Samples/sec: 0.32, Time/seq 3.14s, Batch Size: 1, Sequence Length: 512
Model Parameters: 6.647 B, Latency: 3.09s, TFLOPs: 3.32, Samples/sec: 0.32, Time/seq 3.09s, Batch Size: 1, Sequence Length: 512
Model Parameters: 6.647 B, Latency: 3.11s, TFLOPs: 3.31, Samples/sec: 0.32, Time/seq 3.11s, Batch Size: 1, Sequence Length: 512
Model Parameters: 6.647 B, Latency: 3.10s, TFLOPs: 3.31, Samples/sec: 0.32, Time/seq 3.10s, Batch Size: 1, Sequence Length: 512
Model Parameters: 6.647 B, Latency: 3.14s, TFLOPs: 3.27, Samples/sec: 0.32, Time/seq 3.14s, Batch Size: 1, Sequence Length: 512
Model Parameters: 6.647 B, Latency: 3.09s, TFLOPs: 3.33, Samples/sec: 0.32, Time/seq 3.09s, Batch Size: 1, Sequence Length: 512
Model Parameters: 6.647 B, Latency: 3.10s, TFLOPs: 3.32, Samples/sec: 0.32, Time/seq 3.10s, Batch Size: 1, Sequence Length: 512
Model Parameters: 6.647 B, Latency: 3.11s, TFLOPs: 3.31, Samples/sec: 0.32, Time/seq 3.11s, Batch Size: 1, Sequence Length: 512
Model Parameters: 6.647 B, Latency: 3.14s, TFLOPs: 3.27, Samples/sec: 0.32, Time/seq 3.14s, Batch Size: 1, Sequence Length: 512
Model Parameters: 6.647 B, Latency: 3.08s, TFLOPs: 3.33, Samples/sec: 0.32, Time/seq 3.08s, Batch Size: 1, Sequence Length: 512
Model Parameters: 6.647 B, Latency: 3.11s, TFLOPs: 3.31, Samples/sec: 0.32, Time/seq 3.11s, Batch Size: 1, Sequence Length: 512
Model Parameters: 6.647 B, Latency: 3.09s, TFLOPs: 3.32, Samples/sec: 0.32, Time/seq 3.09s, Batch Size: 1, Sequence Length: 512
Model Parameters: 6.647 B, Latency: 3.15s, TFLOPs: 3.27, Samples/sec: 0.32, Time/seq 3.15s, Batch Size: 1, Sequence Length: 512
Model Parameters: 6.647 B, Latency: 3.09s, TFLOPs: 3.32, Samples/sec: 0.32, Time/seq 3.09s, Batch Size: 1, Sequence Length: 512
Model Parameters: 6.647 B, Latency: 3.11s, TFLOPs: 3.30, Samples/sec: 0.32, Time/seq 3.11s, Batch Size: 1, Sequence Length: 512
Model Parameters: 6.647 B, Latency: 3.10s, TFLOPs: 3.32, Samples/sec: 0.32, Time/seq 3.10s, Batch Size: 1, Sequence Length: 512
Model Parameters: 6.647 B, Latency: 3.13s, TFLOPs: 3.28, Samples/sec: 0.32, Time/seq 3.13s, Batch Size: 1, Sequence Length: 512
Model Parameters: 6.647 B, Latency: 3.09s, TFLOPs: 3.32, Samples/sec: 0.32, Time/seq 3.09s, Batch Size: 1, Sequence Length: 512
Model Parameters: 6.647 B, Latency: 3.10s, TFLOPs: 3.31, Samples/sec: 0.32, Time/seq 3.10s, Batch Size: 1, Sequence Length: 512
Model Parameters: 6.647 B, Latency: 3.11s, TFLOPs: 3.31, Samples/sec: 0.32, Time/seq 3.11s, Batch Size: 1, Sequence Length: 512
Model Parameters: 6.647 B, Latency: 3.15s, TFLOPs: 3.26, Samples/sec: 0.32, Time/seq 3.15s, Batch Size: 1, Sequence Length: 512
Model Parameters: 6.647 B, Latency: 3.13s, TFLOPs: 3.29, Samples/sec: 0.32, Time/seq 3.13s, Batch Size: 1, Sequence Length: 512
Model Parameters: 6.647 B, Latency: 3.12s, TFLOPs: 3.30, Samples/sec: 0.32, Time/seq 3.12s, Batch Size: 1, Sequence Length: 512
Model Parameters: 6.647 B, Latency: 3.10s, TFLOPs: 3.31, Samples/sec: 0.32, Time/seq 3.10s, Batch Size: 1, Sequence Length: 512
Model Parameters: 6.647 B, Latency: 3.14s, TFLOPs: 3.27, Samples/sec: 0.32, Time/seq 3.14s, Batch Size: 1, Sequence Length: 512
Model Parameters: 6.647 B, Latency: 3.09s, TFLOPs: 3.32, Samples/sec: 0.32, Time/seq 3.09s, Batch Size: 1, Sequence Length: 512
Model Parameters: 6.647 B, Latency: 3.10s, TFLOPs: 3.31, Samples/sec: 0.32, Time/seq 3.10s, Batch Size: 1, Sequence Length: 512
Model Parameters: 6.647 B, Latency: 3.11s, TFLOPs: 3.31, Samples/sec: 0.32, Time/seq 3.11s, Batch Size: 1, Sequence Length: 512
Model Parameters: 6.647 B, Latency: 3.15s, TFLOPs: 3.26, Samples/sec: 0.32, Time/seq 3.15s, Batch Size: 1, Sequence Length: 512
Model Parameters: 6.647 B, Latency: 3.09s, TFLOPs: 3.32, Samples/sec: 0.32, Time/seq 3.09s, Batch Size: 1, Sequence Length: 512
Model Parameters: 6.647 B, Latency: 3.11s, TFLOPs: 3.31, Samples/sec: 0.32, Time/seq 3.11s, Batch Size: 1, Sequence Length: 512
Model Parameters: 6.647 B, Latency: 3.11s, TFLOPs: 3.31, Samples/sec: 0.32, Time/seq 3.11s, Batch Size: 1, Sequence Length: 512
Model Parameters: 6.647 B, Latency: 3.14s, TFLOPs: 3.28, Samples/sec: 0.32, Time/seq 3.14s, Batch Size: 1, Sequence Length: 512
Model Parameters: 6.647 B, Latency: 3.09s, TFLOPs: 3.32, Samples/sec: 0.32, Time/seq 3.09s, Batch Size: 1, Sequence Length: 512
Model Parameters: 6.647 B, Latency: 3.10s, TFLOPs: 3.31, Samples/sec: 0.32, Time/seq 3.10s, Batch Size: 1, Sequence Length: 512
Model Parameters: 6.647 B, Latency: 3.10s, TFLOPs: 3.31, Samples/sec: 0.32, Time/seq 3.10s, Batch Size: 1, Sequence Length: 512
Model Parameters: 6.647 B, Latency: 3.14s, TFLOPs: 3.27, Samples/sec: 0.32, Time/seq 3.14s, Batch Size: 1, Sequence Length: 512
Model Parameters: 6.647 B, Latency: 3.09s, TFLOPs: 3.33, Samples/sec: 0.32, Time/seq 3.09s, Batch Size: 1, Sequence Length: 512
Model Parameters: 6.647 B, Latency: 3.10s, TFLOPs: 3.31, Samples/sec: 0.32, Time/seq 3.10s, Batch Size: 1, Sequence Length: 512
Model Parameters: 6.647 B, Latency: 3.11s, TFLOPs: 3.31, Samples/sec: 0.32, Time/seq 3.11s, Batch Size: 1, Sequence Length: 512
Model Parameters: 6.647 B, Latency: 3.14s, TFLOPs: 3.28, Samples/sec: 0.32, Time/seq 3.14s, Batch Size: 1, Sequence Length: 512
Model Parameters: 6.647 B, Latency: 3.09s, TFLOPs: 3.33, Samples/sec: 0.32, Time/seq 3.09s, Batch Size: 1, Sequence Length: 512
Model Parameters: 6.647 B, Latency: 3.11s, TFLOPs: 3.30, Samples/sec: 0.32, Time/seq 3.11s, Batch Size: 1, Sequence Length: 512
Model Parameters: 6.647 B, Latency: 3.11s, TFLOPs: 3.31, Samples/sec: 0.32, Time/seq 3.11s, Batch Size: 1, Sequence Length: 512
Model Parameters: 6.647 B, Latency: 3.13s, TFLOPs: 3.28, Samples/sec: 0.32, Time/seq 3.13s, Batch Size: 1, Sequence Length: 512
Model Parameters: 6.647 B, Latency: 3.11s, TFLOPs: 3.31, Samples/sec: 0.32, Time/seq 3.11s, Batch Size: 1, Sequence Length: 512
Model Parameters: 6.647 B, Latency: 3.11s, TFLOPs: 3.31, Samples/sec: 0.32, Time/seq 3.11s, Batch Size: 1, Sequence Length: 512
Model Parameters: 6.647 B, Latency: 3.11s, TFLOPs: 3.30, Samples/sec: 0.32, Time/seq 3.11s, Batch Size: 1, Sequence Length: 512
Model Parameters: 6.647 B, Latency: 3.14s, TFLOPs: 3.28, Samples/sec: 0.32, Time/seq 3.14s, Batch Size: 1, Sequence Length: 512
Model Parameters: 6.647 B, Latency: 3.12s, TFLOPs: 3.30, Samples/sec: 0.32, Time/seq 3.12s, Batch Size: 1, Sequence Length: 512
Model Parameters: 6.647 B, Latency: 3.10s, TFLOPs: 3.31, Samples/sec: 0.32, Time/seq 3.10s, Batch Size: 1, Sequence Length: 512
Model Parameters: 6.647 B, Latency: 3.11s, TFLOPs: 3.31, Samples/sec: 0.32, Time/seq 3.11s, Batch Size: 1, Sequence Length: 512
Model Parameters: 6.647 B, Latency: 3.14s, TFLOPs: 3.27, Samples/sec: 0.32, Time/seq 3.14s, Batch Size: 1, Sequence Length: 512
Model Parameters: 6.647 B, Latency: 3.09s, TFLOPs: 3.33, Samples/sec: 0.32, Time/seq 3.09s, Batch Size: 1, Sequence Length: 512
Model Parameters: 6.647 B, Latency: 3.10s, TFLOPs: 3.31, Samples/sec: 0.32, Time/seq 3.10s, Batch Size: 1, Sequence Length: 512
Model Parameters: 6.647 B, Latency: 3.11s, TFLOPs: 3.31, Samples/sec: 0.32, Time/seq 3.11s, Batch Size: 1, Sequence Length: 512
Model Parameters: 6.647 B, Latency: 3.14s, TFLOPs: 3.27, Samples/sec: 0.32, Time/seq 3.14s, Batch Size: 1, Sequence Length: 512
Model Parameters: 6.647 B, Latency: 3.09s, TFLOPs: 3.33, Samples/sec: 0.32, Time/seq 3.09s, Batch Size: 1, Sequence Length: 512
Model Parameters: 6.647 B, Latency: 3.10s, TFLOPs: 3.31, Samples/sec: 0.32, Time/seq 3.10s, Batch Size: 1, Sequence Length: 512
Model Parameters: 6.647 B, Latency: 3.12s, TFLOPs: 3.29, Samples/sec: 0.32, Time/seq 3.12s, Batch Size: 1, Sequence Length: 512
Model Parameters: 6.647 B, Latency: 3.15s, TFLOPs: 3.26, Samples/sec: 0.32, Time/seq 3.15s, Batch Size: 1, Sequence Length: 512
Model Parameters: 6.647 B, Latency: 3.09s, TFLOPs: 3.33, Samples/sec: 0.32, Time/seq 3.09s, Batch Size: 1, Sequence Length: 512
Model Parameters: 6.647 B, Latency: 3.12s, TFLOPs: 3.30, Samples/sec: 0.32, Time/seq 3.12s, Batch Size: 1, Sequence Length: 512
Model Parameters: 6.647 B, Latency: 3.11s, TFLOPs: 3.31, Samples/sec: 0.32, Time/seq 3.11s, Batch Size: 1, Sequence Length: 512
Model Parameters: 6.647 B, Latency: 3.14s, TFLOPs: 3.28, Samples/sec: 0.32, Time/seq 3.14s, Batch Size: 1, Sequence Length: 512
Model Parameters: 6.647 B, Latency: 3.09s, TFLOPs: 3.32, Samples/sec: 0.32, Time/seq 3.09s, Batch Size: 1, Sequence Length: 512
Model Parameters: 6.647 B, Latency: 3.11s, TFLOPs: 3.30, Samples/sec: 0.32, Time/seq 3.11s, Batch Size: 1, Sequence Length: 512
***** Evaluating perplexity, Epoch 2/2 *****
ppl: 4.313057899475098, loss: 1.4616471529006958
[2026-04-04 23:38:51,087] [INFO] [launch.py:367:main] Process 78458 exits successfully.
[2026-04-04 23:38:51,087] [INFO] [launch.py:367:main] Process 78459 exits successfully.
